COUNTRY_AREA_TERRITORY,ISO_YEAR,ISO_WEEK,ISO_WEEKSTARTDATE,SPEC_PROCESSED_NB,SPEC_RECEIVED_NB,AH1,AH1N12009,AH3,AH5,AH7N9,ANOTSUBTYPED,INF_A,BVIC_2DEL,BVIC_3DEL,BVIC_NODEL,BYAM,BNOTDETERMINED,INF_B,INF_ALL,INF_NEGATIVE,RSV,RSV_PROCESSED,ILI_ACTIVITY
Saudi Arabia,2015,6,2015-02-02,1,1,,,,,,,,,,,,,,,1,,,
Saudi Arabia,2016,36,2016-09-05,1,1,,,,,,,,,,,,,,,1,,,
Saudi Arabia,2016,52,2016-12-26,1,3,,,,,,,,,,,,,,,1,,,
Saudi Arabia,2017,1,2017-01-02,12,12,,,,,,,,,,,,,,,12,,,
Saudi Arabia,2017,2,2017-01-09,7,7,,,,,,,,,,,,,,,7,,,
Saudi Arabia,2017,3,2017-01-16,17,17,,,,,,,,,,,,1,1,1,16,,,
Saudi Arabia,2017,4,2017-01-23,42,42,,2,,,,,2,,,,,3,3,5,37,,,
Saudi Arabia,2017,5,2017-01-30,77,82,,,,,,1,1,,,,,,,1,76,,,
Saudi Arabia,2017,6,2017-02-06,72,72,,,,,,2,2,,,,,1,1,3,69,,,
Saudi Arabia,2017,7,2017-02-13,60,60,,1,,,,5,6,,,,,2,2,8,52,,,
Saudi Arabia,2017,8,2017-02-20,73,76,,5,,,,2,7,,,,,3,3,10,63,,,
Saudi Arabia,2017,9,2017-02-27,61,61,,4,,,,2,6,,,,,2,2,8,53,,,
Saudi Arabia,2017,10,2017-03-06,79,79,,2,,,,2,4,,,,,7,7,11,68,,,
Saudi Arabia,2017,11,2017-03-13,65,65,,6,,,,3,9,,,,,,,9,56,,,
Saudi Arabia,2017,12,2017-03-20,53,53,,2,,,,4,6,,,,,,,6,47,,,
Saudi Arabia,2017,13,2017-03-27,40,42,,,,,,3,3,,,,,2,2,5,35,,,
Saudi Arabia,2017,14,2017-04-03,40,41,,,,,,1,1,,,,,2,2,3,37,,,
Saudi Arabia,2017,15,2017-04-10,43,44,,,,,,2,2,,,,,1,1,3,40,,,
Saudi Arabia,2017,16,2017-04-17,45,45,,,,,,6,6,,,,,2,2,8,37,,,
Saudi Arabia,2017,17,2017-04-24,52,54,,1,,,,2,3,,,,,3,3,6,46,,,
Saudi Arabia,2017,18,2017-05-01,46,47,,3,,,,2,5,,,,,4,4,9,37,,,
Saudi Arabia,2017,19,2017-05-08,34,35,,4,,,,3,7,,,,,5,5,12,22,,,
Saudi Arabia,2017,20,2017-05-15,38,39,,6,,,,1,7,,,,,3,3,10,28,,,
Saudi Arabia,2017,21,2017-05-22,32,32,,2,,,,,2,,,,,1,1,3,29,,,
Saudi Arabia,2017,22,2017-05-29,29,30,,1,,,,2,3,,,,,,,3,26,,,
Saudi Arabia,2017,23,2017-06-05,49,49,,11,,,,2,13,,,,,2,2,15,34,,,
Saudi Arabia,2017,24,2017-06-12,48,49,,7,,,,4,11,,,,,3,3,14,34,,,
Saudi Arabia,2017,25,2017-06-19,47,48,,4,,,,3,7,,,,,4,4,11,36,,,
Saudi Arabia,2017,26,2017-06-26,40,40,,2,,,,6,8,,,,,2,2,10,30,,,
Saudi Arabia,2017,27,2017-07-03,28,28,,1,,,,5,6,,,,,3,3,9,18,,,
Saudi Arabia,2017,28,2017-07-10,27,27,,1,,,,1,2,,,,,1,1,3,24,,,
Saudi Arabia,2017,29,2017-07-17,22,22,,,,,,1,1,,,,,1,1,2,20,,,
Saudi Arabia,2017,30,2017-07-24,28,29,,,,,,1,1,,,,,5,5,6,22,,,
Saudi Arabia,2017,31,2017-07-31,36,36,,,,,,1,1,,,,,1,1,2,34,,,
Saudi Arabia,2017,32,2017-08-07,56,56,,,,,,3,3,,,,,3,3,6,50,,,
Saudi Arabia,2017,33,2017-08-14,43,43,,2,,,,8,10,,,,,1,1,11,32,,,
Saudi Arabia,2017,34,2017-08-21,58,58,,1,,,,5,6,,,,,1,1,7,51,,,
Saudi Arabia,2017,35,2017-08-28,43,45,,2,,,,4,6,,,,,,,6,37,,,
Saudi Arabia,2017,36,2017-09-04,46,47,,6,,,,5,11,,,,,,,11,35,,,
Saudi Arabia,2017,37,2017-09-11,30,31,,2,,,,3,5,,,,,,,5,25,,,
Saudi Arabia,2017,38,2017-09-18,39,39,,4,,,,2,6,,,,,,,6,33,,,
Saudi Arabia,2017,39,2017-09-25,50,50,,12,,,,,12,,,,,3,3,15,35,,,
Saudi Arabia,2017,40,2017-10-02,43,43,,6,,,,2,8,,,,,1,1,9,34,,,
Saudi Arabia,2017,41,2017-10-09,56,56,,11,,,,2,13,,,,,1,1,14,42,,,
Saudi Arabia,2017,42,2017-10-16,76,77,,19,,,,4,23,,,,,,,23,53,,,
Saudi Arabia,2017,43,2017-10-23,75,75,,21,,,,1,22,,,,,2,2,24,51,,,
Saudi Arabia,2017,44,2017-10-30,109,109,,32,,,,4,36,,,,,3,3,39,70,,,
Saudi Arabia,2017,45,2017-11-06,104,104,,31,,,,2,33,,,,,2,2,35,69,,,
Saudi Arabia,2017,46,2017-11-13,99,101,,31,,,,6,37,,,,,4,4,41,58,,,
Saudi Arabia,2017,47,2017-11-20,118,121,,30,,,,7,37,,,,,9,9,46,72,,,
Saudi Arabia,2017,48,2017-11-27,134,139,,31,,,,6,37,,,,,5,5,42,92,,,
Saudi Arabia,2017,49,2017-12-04,139,143,,30,,,,8,38,,,,,4,4,42,97,,,
Saudi Arabia,2017,50,2017-12-11,135,140,,20,,,,7,27,,,,,7,7,34,101,,,
Saudi Arabia,2017,51,2017-12-18,154,155,,13,,,,9,22,,,,,25,25,47,107,,,
Saudi Arabia,2017,52,2017-12-25,135,136,,16,,,,11,27,,,,,14,14,41,94,,,
Saudi Arabia,2018,1,2018-01-01,139,140,,9,,,,7,16,,,,,19,19,35,104,,,
Saudi Arabia,2018,2,2018-01-08,107,109,,7,,,,4,11,,,,,7,7,18,89,,,
Saudi Arabia,2018,3,2018-01-15,114,114,,10,,,,6,16,,,,,11,11,27,87,,,
Saudi Arabia,2018,4,2018-01-22,109,110,,4,,,,7,11,,,,,9,9,20,89,,,
Saudi Arabia,2018,5,2018-01-29,125,128,,2,,,,4,6,,,,,12,12,18,107,,,
Saudi Arabia,2018,6,2018-02-05,191,196,,7,,,,8,15,,,,,20,20,35,156,,,
Saudi Arabia,2018,7,2018-02-12,201,203,,5,,,,5,10,,,,,31,31,41,160,,,
Saudi Arabia,2018,8,2018-02-19,137,141,,1,,,,6,7,,,,,16,16,23,114,,,
Saudi Arabia,2018,9,2018-02-26,229,235,,,,,,14,14,,,,,19,19,33,196,,,
Saudi Arabia,2018,10,2018-03-05,250,257,,2,,,,9,11,,,,,20,20,31,219,,,
Saudi Arabia,2018,11,2018-03-12,230,236,,7,,,,2,9,,,,,16,16,25,205,,,
Saudi Arabia,2018,12,2018-03-19,222,234,,2,,,,8,10,,,,,9,9,19,203,,,
Saudi Arabia,2018,13,2018-03-26,204,210,,6,,,,2,8,,,,,9,9,17,187,,,
Saudi Arabia,2018,14,2018-04-02,160,165,,1,,,,3,4,,,,,17,17,21,139,,,
Saudi Arabia,2018,15,2018-04-09,182,194,,,,,,7,7,,,,,13,13,20,162,,,
Saudi Arabia,2018,16,2018-04-16,152,157,,1,,,,10,11,,,,,14,14,25,127,,,
Saudi Arabia,2018,17,2018-04-23,121,124,,,,,,10,10,,,,,9,9,19,102,,,
Saudi Arabia,2018,18,2018-04-30,144,148,,4,,,,7,11,,,,,8,8,19,125,,,
Saudi Arabia,2018,19,2018-05-07,139,143,,2,,,,5,7,,,,,2,2,9,130,,,
Saudi Arabia,2018,20,2018-05-14,130,135,,4,,,,5,9,,,,,3,3,12,118,,,
Saudi Arabia,2018,21,2018-05-21,116,118,,1,,,,4,5,,,,,1,1,6,110,,,
Saudi Arabia,2018,22,2018-05-28,137,138,,2,,,,2,4,,,,,1,1,5,132,,,
Saudi Arabia,2018,23,2018-06-04,128,132,,1,,,,10,11,,,,,1,1,12,116,,,
Saudi Arabia,2018,24,2018-06-11,141,148,,2,,,,6,8,,,,,1,1,9,132,,,
Saudi Arabia,2018,25,2018-06-18,134,140,,1,,,,5,6,,,,,1,1,7,127,,,
Saudi Arabia,2018,26,2018-06-25,98,103,,1,,,,3,4,,,,,4,4,8,90,,,
Saudi Arabia,2018,27,2018-07-02,83,87,,,,,,5,5,,,,,,,5,78,,,
Saudi Arabia,2018,28,2018-07-09,103,105,,,,,,6,6,,,,,,,6,97,,,
Saudi Arabia,2018,29,2018-07-16,80,82,,1,,,,2,3,,,,,,,3,77,,,
Saudi Arabia,2018,30,2018-07-23,101,107,,,,,,1,1,,,,,,,1,100,,,
Saudi Arabia,2018,31,2018-07-30,99,101,,1,,,,,1,,,,,1,1,2,97,,,
Saudi Arabia,2018,32,2018-08-06,88,97,,2,,,,2,4,,,,,,,4,84,,,
Saudi Arabia,2018,33,2018-08-13,91,96,,,,,,5,5,,,,,1,1,6,85,,,
Saudi Arabia,2018,34,2018-08-20,102,117,,4,,,,6,10,,,,,5,5,15,87,,,
Saudi Arabia,2018,35,2018-08-27,147,153,,1,,,,12,13,,,,,5,5,18,129,,,
Saudi Arabia,2018,36,2018-09-03,124,129,,2,,,,6,8,,,,,1,1,9,115,,,
Saudi Arabia,2018,37,2018-09-10,154,155,,4,,,,8,12,,,,,,,12,142,,,
Saudi Arabia,2018,38,2018-09-17,113,114,,4,,,,7,11,,,,,1,1,12,100,,,
Saudi Arabia,2018,39,2018-09-24,133,136,,,,,,7,7,,,,,2,2,9,124,,,
Saudi Arabia,2018,40,2018-10-01,125,128,,1,,,,11,12,,,,,1,1,13,112,,,
Saudi Arabia,2018,41,2018-10-08,136,138,,7,,,,10,17,,,,,7,7,24,112,,,
Saudi Arabia,2018,42,2018-10-15,171,172,,16,,,,24,40,,,,,3,3,43,128,,,
Saudi Arabia,2018,43,2018-10-22,176,185,,16,,,,18,34,,,,,8,8,42,134,,,
Saudi Arabia,2018,44,2018-10-29,226,228,,7,,,,24,31,,,,,3,3,34,192,,,
Saudi Arabia,2018,45,2018-11-05,233,237,,13,,,,23,36,,,,,7,7,43,190,,,
Saudi Arabia,2018,46,2018-11-12,254,257,,16,,,,31,47,,,,,10,10,57,197,,,
Saudi Arabia,2018,47,2018-11-19,315,320,,28,,,,51,79,,,,,5,5,84,231,,,
Saudi Arabia,2018,48,2018-11-26,282,292,,16,,,,22,38,,,,,3,3,41,241,,,
Saudi Arabia,2018,49,2018-12-03,326,335,,29,,,,26,55,,,,,5,5,60,266,,,
Saudi Arabia,2018,50,2018-12-10,304,309,,21,,,,25,46,,,,,4,4,50,254,,,
Saudi Arabia,2018,51,2018-12-17,268,270,,7,,,,23,30,,,,,9,9,39,229,,,
Saudi Arabia,2018,52,2018-12-24,235,244,,8,,,,19,27,,,,,4,4,31,204,,,
Saudi Arabia,2019,1,2018-12-31,309,310,,15,,,,21,36,,,,,6,6,42,267,,,
Saudi Arabia,2019,2,2019-01-07,240,244,,13,,,,18,31,,,,,6,6,37,203,,,
Saudi Arabia,2019,3,2019-01-14,305,316,,27,,,,13,40,,,,,6,6,46,259,,,
Saudi Arabia,2019,4,2019-01-21,273,277,,25,,,,15,40,,,,,4,4,44,228,,,
Saudi Arabia,2019,5,2019-01-28,336,344,,19,,,,26,45,,,,,9,9,54,282,,,
Saudi Arabia,2019,6,2019-02-04,344,350,,24,,,,10,34,,,,,16,16,50,294,,,
Saudi Arabia,2019,7,2019-02-11,334,336,,21,,,,15,36,,,,,15,15,51,283,,,
Saudi Arabia,2019,8,2019-02-18,340,355,,20,,,,21,41,,,,,15,15,56,283,,,
Saudi Arabia,2019,9,2019-02-25,398,408,,29,,,,20,49,,,,,17,17,66,332,,,
Saudi Arabia,2019,10,2019-03-04,333,336,,18,,,,14,32,,,,,25,25,57,276,,,
Saudi Arabia,2019,11,2019-03-11,330,339,,22,,,,15,37,,,,,24,24,61,269,,,
Saudi Arabia,2019,12,2019-03-18,336,341,,28,,,,12,40,,,,,25,25,65,271,,,
Saudi Arabia,2019,13,2019-03-25,289,293,,22,,,,16,38,,,,,21,21,59,230,,,
Saudi Arabia,2019,14,2019-04-01,322,331,,18,,,,21,39,,,,,22,22,61,261,,,
Saudi Arabia,2019,15,2019-04-08,298,305,,36,,,,8,44,,,,,26,26,70,228,,,
Saudi Arabia,2019,16,2019-04-15,299,303,,19,,,,9,28,,,,,22,22,50,249,,,
Saudi Arabia,2019,17,2019-04-22,263,266,,15,,,,5,20,,,,,20,20,40,222,,,
Saudi Arabia,2019,18,2019-04-29,249,255,,17,,,,6,23,,,,,5,5,28,221,,,
Saudi Arabia,2019,19,2019-05-06,201,207,,8,,,,10,18,,,,,9,9,27,174,,,
Saudi Arabia,2019,20,2019-05-13,190,191,,8,,,,6,14,,,,,7,7,21,169,,,
Saudi Arabia,2019,21,2019-05-20,216,221,,10,,,,8,18,,,,,8,8,26,190,,,
Saudi Arabia,2019,22,2019-05-27,190,193,,13,,,,4,17,,,,,1,1,18,172,,,
Saudi Arabia,2019,23,2019-06-03,177,181,,7,,,,4,11,,,,,7,7,18,159,,,
Saudi Arabia,2019,24,2019-06-10,217,218,,9,,,,2,11,,,,,7,7,18,199,,,
Saudi Arabia,2019,25,2019-06-17,186,187,,7,,,,3,10,,,,,6,6,16,170,,,
Saudi Arabia,2019,26,2019-06-24,136,137,,1,,,,,1,,,,,8,8,9,127,,,
Saudi Arabia,2019,27,2019-07-01,154,160,,,,,,,,,,,,4,4,4,150,,,
Saudi Arabia,2019,28,2019-07-08,147,150,,,,,,,,,,,,2,2,2,145,,,
Saudi Arabia,2019,29,2019-07-15,153,155,,2,,,,,2,,,,,3,3,5,148,,,
Saudi Arabia,2019,30,2019-07-22,163,170,,3,,,,2,5,,,,,1,1,6,157,,,
Saudi Arabia,2019,31,2019-07-29,147,151,,3,,,,,3,,,,,1,1,4,143,,,
Saudi Arabia,2019,32,2019-08-05,165,168,,12,,,,4,16,,,,,1,1,17,148,,,
Saudi Arabia,2019,33,2019-08-12,286,315,,35,,,,6,41,,,,,9,9,50,236,,,
Saudi Arabia,2019,34,2019-08-19,210,217,,21,,,,5,26,,,,,2,2,28,182,,,
Saudi Arabia,2019,35,2019-08-26,165,166,,13,,,,5,18,,,,,1,1,19,146,,,
Saudi Arabia,2019,36,2019-09-02,178,180,,11,,,,4,15,,,,,4,4,19,159,,,
Saudi Arabia,2019,37,2019-09-09,158,162,,14,,,,2,16,,,,,2,2,18,140,,,
Saudi Arabia,2019,38,2019-09-16,149,151,,11,1,,,4,16,,,,,4,4,20,129,,,
Saudi Arabia,2019,39,2019-09-23,221,227,,10,,,,4,14,,,,,10,10,24,197,,,
Saudi Arabia,2019,40,2019-09-30,194,201,,10,,,,6,16,,,,,13,13,29,165,,,
Saudi Arabia,2019,41,2019-10-07,167,170,,15,,,,4,19,,,,,19,19,38,129,,,
Saudi Arabia,2019,42,2019-10-14,214,218,,17,,,,16,33,,,,,18,18,51,163,,,
Saudi Arabia,2019,43,2019-10-21,256,261,,29,,,,31,60,,,,,22,22,82,174,,,
Saudi Arabia,2019,44,2019-10-28,304,315,,31,,,,48,79,,,,,19,19,98,206,,,
Saudi Arabia,2019,45,2019-11-04,311,318,,31,,,,54,85,,,,,25,25,110,201,,,
Saudi Arabia,2019,46,2019-11-11,367,376,,47,,,,65,112,,,,,25,25,137,230,,,
Saudi Arabia,2019,47,2019-11-18,378,390,,37,,,,56,93,,,,,26,26,119,259,,,
Saudi Arabia,2019,48,2019-11-25,371,381,,53,,,,39,92,,,,,25,25,117,254,,,
Saudi Arabia,2019,49,2019-12-02,367,375,,42,,,,54,96,,,,,27,27,123,244,,,
Saudi Arabia,2019,50,2019-12-09,356,368,,30,,,,26,56,,,,,22,22,78,278,,,
Saudi Arabia,2019,51,2019-12-16,418,429,,44,,,,35,79,,,,,17,17,96,322,,,
Saudi Arabia,2019,52,2019-12-23,331,342,,31,,,,33,64,,,,,11,11,75,255,1,,
Saudi Arabia,2020,1,2019-12-30,305,313,,24,,,,26,50,,,,,10,10,60,245,,,
Saudi Arabia,2020,2,2020-01-06,297,309,,29,,,,15,44,,,,,8,8,52,245,,,
Saudi Arabia,2020,3,2020-01-13,312,322,,18,,,,11,29,,,,,5,5,34,278,,,
Saudi Arabia,2020,4,2020-01-20,324,344,,23,,,,16,39,,,,,8,8,47,277,,,
Saudi Arabia,2020,5,2020-01-27,342,359,,30,,,,12,42,,,,,16,16,58,284,,,
Saudi Arabia,2020,6,2020-02-03,288,304,,14,,,,13,27,,,,,7,7,34,254,,,
Saudi Arabia,2020,7,2020-02-10,328,342,,12,,,,12,24,,,,,8,8,32,296,,,
Saudi Arabia,2020,8,2020-02-17,323,336,,23,,,,7,30,,,,,9,9,39,283,,,
Saudi Arabia,2020,9,2020-02-24,327,354,,22,,,,9,31,,,,,10,10,41,285,1,,
Saudi Arabia,2020,10,2020-03-02,354,388,,20,,,,14,34,,,,,14,14,48,306,,,
Saudi Arabia,2020,11,2020-03-09,344,424,2,5,,,,7,14,,,,,21,21,35,311,,,
Saudi Arabia,2020,12,2020-03-16,214,355,,,,,,,,,,,,12,12,12,202,,,
Saudi Arabia,2020,13,2020-03-23,92,216,,,,,,,,,,,,,,,92,,,
Saudi Arabia,2020,14,2020-03-30,22,105,,,,,,,,,,,,,,,22,,,
Saudi Arabia,2020,15,2020-04-06,12,73,,,,,,,,,,,,,,,12,,,
Saudi Arabia,2020,16,2020-04-13,18,40,,,,,,,,,,,,,,,18,,,
Saudi Arabia,2020,17,2020-04-20,15,30,,,,,,,,,,,,,,,15,,,
Saudi Arabia,2020,18,2020-04-27,4,8,,,,,,,,,,,,,,,4,,,
Saudi Arabia,2020,19,2020-05-04,2,4,,,,,,,,,,,,,,,2,,,
Saudi Arabia,2020,20,2020-05-11,9,12,,,,,,,,,,,,,,,9,,,
Saudi Arabia,2020,21,2020-05-18,6,10,,,,,,,,,,,,,,,6,,,
Saudi Arabia,2020,22,2020-05-25,7,12,,,,,,,,,,,,,,,7,,,
Saudi Arabia,2020,23,2020-06-01,6,11,,,,,,,,,,,,,,,6,,,
Saudi Arabia,2020,24,2020-06-08,3,3,,,,,,,,,,,,,,,3,,,
Saudi Arabia,2020,25,2020-06-15,2,4,,,,,,,,,,,,,,,2,,,
Saudi Arabia,2020,26,2020-06-22,1,2,,,,,,,,,,,,,,,1,,,
Saudi Arabia,2020,27,2020-06-29,3,3,,,,,,,,,,,,,,,3,,,
Saudi Arabia,2020,28,2020-07-06,2,3,,,,,,,,,,,,,,,2,,,
Saudi Arabia,2020,29,2020-07-13,1,1,,,,,,,,,,,,,,,1,,,
Saudi Arabia,2020,30,2020-07-20,,1,,,,,,,,,,,,,,,,,,
Saudi Arabia,2020,31,2020-07-27,,1,,,,,,,,,,,,,,,,,,
Saudi Arabia,2020,33,2020-08-10,1,1,,,,,,,,,,,,,,,1,,,
Saudi Arabia,2020,36,2020-08-31,1,1,,,,,,,,,,,,,,,1,,,
Saudi Arabia,2020,37,2020-09-07,1,2,,,,,,,,,,,,,,,1,,,
Saudi Arabia,2020,38,2020-09-14,1,1,,,,,,,,,,,,,,,1,,,
Saudi Arabia,2020,39,2020-09-21,2,2,,,,,,,,,,,,,,,2,,,
Saudi Arabia,2020,40,2020-09-28,4,5,,,,,,,,,,,,1,1,1,3,,,
Saudi Arabia,2020,41,2020-10-05,15,22,,,,,,,,,,,,,,,15,,,
Saudi Arabia,2020,42,2020-10-12,16,22,,,,,,,,,,,,,,,16,,,
Saudi Arabia,2020,43,2020-10-19,64,70,,,,,,,,,,,,,,,64,,,
Saudi Arabia,2020,44,2020-10-26,252,279,,,,,,,,,,,,4,4,4,248,,,
Saudi Arabia,2020,45,2020-11-02,309,359,,,,,,,,,,,,2,2,2,307,,,
Saudi Arabia,2020,46,2020-11-09,379,424,,,,,,,,,,,,9,9,9,370,,,
Saudi Arabia,2020,47,2020-11-16,338,357,,,,,,,,,,,,6,6,6,332,,,
Saudi Arabia,2020,48,2020-11-23,266,295,,1,,,,,1,,,,,2,2,3,263,,,
Saudi Arabia,2020,49,2020-11-30,211,224,,1,,,,,1,,,,,1,1,2,209,,,
Saudi Arabia,2020,50,2020-12-07,215,232,,,,,,,,,,,,2,2,2,213,,,
Saudi Arabia,2020,51,2020-12-14,261,299,,,,,,,,,,,,1,1,1,260,,,
Saudi Arabia,2020,52,2020-12-21,254,286,,,,,,,,,,,,3,3,3,251,,,
Saudi Arabia,2020,53,2020-12-28,254,282,,,,,,,,,,,,3,3,3,251,,,
Saudi Arabia,2021,1,2021-01-04,247,289,,,,,,,,,,,,2,2,2,245,,,
Saudi Arabia,2021,2,2021-01-11,232,258,,,,,,1,1,,,,,6,6,7,225,,,
Saudi Arabia,2021,3,2021-01-18,298,338,,,,,,,,,,,,3,3,3,295,,,
Saudi Arabia,2021,4,2021-01-25,249,270,,,,,,,,,,,,4,4,4,245,,,
Saudi Arabia,2021,5,2021-02-01,286,317,,,,,,,,,,,,1,1,1,285,,,
Saudi Arabia,2021,6,2021-02-08,273,300,,,,,,1,1,,,,,5,5,6,267,,,
Saudi Arabia,2021,7,2021-02-15,233,253,,,,,,,,,,,,3,3,3,230,,,
Saudi Arabia,2021,8,2021-02-22,218,230,,,,,,,,,,,,4,4,4,214,,,
Saudi Arabia,2021,9,2021-03-01,190,208,,,,,,,,,,,,1,1,1,189,,,
Saudi Arabia,2021,10,2021-03-08,201,224,,,,,,,,,,,,1,1,1,200,,,
Saudi Arabia,2021,11,2021-03-15,184,198,,1,,,,,1,,,,,1,1,2,182,,,
Saudi Arabia,2021,12,2021-03-22,141,153,,,,,,,,,,,,,,,141,,,
Saudi Arabia,2021,13,2021-03-29,207,224,,,,,,,,,,,,,,,207,,,
Saudi Arabia,2021,14,2021-04-05,159,181,,,,,,,,,,,,1,1,1,158,,,
Saudi Arabia,2021,15,2021-04-12,95,107,,,,,,,,,,,,,,,95,,,
Saudi Arabia,2021,16,2021-04-19,94,101,,,,,,,,,,,,,,,94,,,
Saudi Arabia,2021,17,2021-04-26,75,88,,,,,,,,,,,,,,,75,,,
Saudi Arabia,2021,18,2021-05-03,65,79,,,,,,,,,,,,,,,65,,,
Saudi Arabia,2021,19,2021-05-10,54,61,,,,,,,,,,,,,,,54,,,
Saudi Arabia,2021,20,2021-05-17,61,71,,,,,,,,,,,,,,,61,,,
Saudi Arabia,2021,21,2021-05-24,90,103,,,,,,,,,,,,,,,90,,,
Saudi Arabia,2021,22,2021-05-31,77,83,,,,,,,,,,,,1,1,1,76,,,
Saudi Arabia,2021,23,2021-06-07,95,123,,,,,,,,,,,,4,4,4,91,,,
Saudi Arabia,2021,24,2021-06-14,100,114,,,,,,,,,,,,5,5,5,94,,,
Saudi Arabia,2021,25,2021-06-21,84,110,,,,,,,,,,,,14,14,14,66,,,
Saudi Arabia,2021,26,2021-06-28,98,139,,,,,,,,,,,,18,18,18,74,,,
Saudi Arabia,2021,27,2021-07-05,79,89,,,,,,,,,,,,6,6,6,73,,,
Saudi Arabia,2021,28,2021-07-12,60,67,,,,,,,,,,,,3,3,3,57,,,
Saudi Arabia,2021,29,2021-07-19,70,76,,,,,,,,,,,,1,1,1,69,,,
Saudi Arabia,2021,30,2021-07-26,77,87,,,,,,1,1,,,,,2,2,3,74,,,
Saudi Arabia,2021,31,2021-08-02,71,95,,,,,,,,,,,,,,,71,,,
Saudi Arabia,2021,32,2021-08-09,94,119,,,,,,,,,,,,1,1,1,93,,,
Saudi Arabia,2021,33,2021-08-16,92,115,,,,,,,,,,,,,,,92,,,
Saudi Arabia,2021,34,2021-08-23,73,99,,,,,,,,,,,,,,,73,,,
Saudi Arabia,2021,35,2021-08-30,92,98,,,,,,,,,,,,,,,92,,,
Saudi Arabia,2021,36,2021-09-06,78,97,,,,,,1,1,,,,,1,1,2,76,,,
Saudi Arabia,2021,37,2021-09-13,93,114,,,,,,1,1,,,,,2,2,3,90,,,
Saudi Arabia,2021,38,2021-09-20,81,95,,,,,,1,1,,,,,1,1,2,79,,,
Saudi Arabia,2021,39,2021-09-27,72,78,,,,,,3,3,,,,,,,3,69,,,
Saudi Arabia,2021,40,2021-10-04,114,126,,,,,,5,5,,,,,,,5,109,,,
Saudi Arabia,2021,41,2021-10-11,105,123,,,,,,4,4,,,,,,,4,101,,,
Saudi Arabia,2021,42,2021-10-18,121,139,,,,,,3,3,,,,,,,3,118,,,
Saudi Arabia,2021,43,2021-10-25,107,126,,1,1,,,2,4,,,,,,,4,103,,,
Saudi Arabia,2021,44,2021-11-01,114,127,,,1,,,9,10,,,,,,,10,104,,,
Saudi Arabia,2021,45,2021-11-08,162,182,,,3,,,8,11,,,,,1,1,12,148,,,
Saudi Arabia,2021,46,2021-11-15,134,154,,,2,,,16,18,,,,,1,1,19,115,,,
Saudi Arabia,2021,47,2021-11-22,186,201,,,3,,,13,16,,,,,2,2,18,168,,,
Saudi Arabia,2021,48,2021-11-29,157,177,,,2,,,10,12,,,,,2,2,14,142,,,
Saudi Arabia,2021,49,2021-12-06,156,182,,3,1,,,7,11,,,,,1,1,12,144,,,
Saudi Arabia,2021,50,2021-12-13,209,224,,,3,,,8,11,,,,,5,5,16,193,,,
Saudi Arabia,2021,51,2021-12-20,156,170,,,,,,10,10,,,,,1,1,11,145,,,
Saudi Arabia,2021,52,2021-12-27,167,180,,1,,,,4,5,,,,,1,1,6,160,,,
Saudi Arabia,2022,1,2022-01-03,121,126,,,,,,3,3,,,,,2,2,5,116,,,
Saudi Arabia,2022,2,2022-01-10,105,111,,,,,,6,6,,,,,1,1,7,98,,,
Saudi Arabia,2022,3,2022-01-17,109,126,,,,,,4,4,,,,,,,4,105,,,
Saudi Arabia,2022,4,2022-01-24,81,91,,,,,,,,,,,,2,2,2,79,,,
Saudi Arabia,2022,5,2022-01-31,99,116,,,,,,1,1,,,,,1,1,2,97,,,
Saudi Arabia,2022,6,2022-02-07,82,92,,,,,,,,,,,,,,,82,,,
Saudi Arabia,2022,7,2022-02-14,73,83,,,,,,1,1,,,,,,,1,72,,,
Saudi Arabia,2022,8,2022-02-21,72,77,,,,,,1,1,,,,,2,2,3,69,,,
Saudi Arabia,2022,9,2022-02-28,49,67,,,,,,,,,,,,1,1,1,48,,,
Saudi Arabia,2022,10,2022-03-07,65,76,,,,,,,,,,,,3,3,3,62,,,
Saudi Arabia,2022,11,2022-03-14,48,56,,,,,,,,,,,,,,,48,,,
Saudi Arabia,2022,12,2022-03-21,60,65,,,,,,,,,,,,2,2,2,58,,,
Saudi Arabia,2022,13,2022-03-28,37,42,,,,,,1,1,,,,,,,1,36,,,
Saudi Arabia,2022,14,2022-04-04,52,57,,1,,,,,1,,,,,1,1,2,50,,,
Saudi Arabia,2022,15,2022-04-11,80,91,1,3,,,,2,6,,,,,3,3,9,72,,,
Saudi Arabia,2022,16,2022-04-18,76,86,,1,,,,,1,,,,,,,1,75,,,
Saudi Arabia,2022,17,2022-04-25,50,71,,,,,,,,,,,,2,2,2,48,,,
Saudi Arabia,2022,18,2022-05-02,42,49,,,,,,1,1,,,,,,,1,41,,,
Saudi Arabia,2022,19,2022-05-09,86,101,,2,,,,2,4,,,,,2,2,6,80,,,
Saudi Arabia,2022,20,2022-05-16,68,80,,,3,,,4,7,,,,,2,2,9,59,,,
Saudi Arabia,2022,21,2022-05-23,88,101,1,1,7,,,8,17,,,,,3,3,20,69,,,
Saudi Arabia,2022,22,2022-05-30,119,127,,,11,,,8,19,,,1,,1,2,21,98,,,
Saudi Arabia,2022,23,2022-06-06,225,239,,15,25,,,9,49,,,,,1,1,50,175,,,
Saudi Arabia,2022,24,2022-06-13,267,277,,1,13,,,8,22,,,3,,7,10,32,235,,,
Saudi Arabia,2022,25,2022-06-20,284,308,,,10,,,7,17,,,1,,5,6,23,261,,,
Saudi Arabia,2022,26,2022-06-27,313,339,,,2,,,7,9,,,,,10,10,19,294,,,
Saudi Arabia,2022,27,2022-07-04,169,176,,,,,,2,2,,,,,5,5,7,162,,,
Saudi Arabia,2022,28,2022-07-11,187,214,,,,,,5,5,,,2,,6,8,13,174,,,
Saudi Arabia,2022,29,2022-07-18,241,265,,,,,,3,3,,,1,,4,5,8,233,1,,
Saudi Arabia,2022,30,2022-07-25,111,131,,1,,,,,1,,,,,3,3,4,107,1,,
Saudi Arabia,2022,31,2022-08-01,69,88,,,,,,,,,,1,,2,3,3,66,,,
Saudi Arabia,2022,32,2022-08-08,88,97,,,1,,,,1,,,1,,4,5,6,82,,,
Saudi Arabia,2022,33,2022-08-15,159,176,,,,,,3,3,,,4,,18,22,25,134,,,
Saudi Arabia,2022,34,2022-08-22,133,146,,,,,,,,,,5,,14,19,19,114,,,
Saudi Arabia,2022,35,2022-08-29,162,169,,,,,,,,,,4,,12,16,16,146,1,,
Saudi Arabia,2022,36,2022-09-05,168,186,,,,,,,,,,5,,9,14,14,154,1,,
Saudi Arabia,2022,37,2022-09-12,299,309,,4,,,,6,10,,,5,,33,38,48,251,2,,
Saudi Arabia,2022,38,2022-09-19,231,250,,2,1,,,3,6,,,3,,19,22,28,203,2,,
Saudi Arabia,2022,39,2022-09-26,291,335,,,,,,6,6,,,16,,21,37,43,248,3,,
Saudi Arabia,2022,40,2022-10-03,351,373,,2,1,,,8,11,,,12,,25,37,48,303,3,,
Saudi Arabia,2022,41,2022-10-10,473,511,,9,1,,,9,19,,,18,,59,77,96,377,9,,
Saudi Arabia,2022,42,2022-10-17,505,561,,11,,,,10,21,,,30,,51,81,102,403,6,,
Saudi Arabia,2022,43,2022-10-24,613,656,,18,2,,,17,37,,,43,,66,109,146,467,12,,
Saudi Arabia,2022,44,2022-10-31,571,626,,23,2,,,27,52,,,33,,62,95,147,424,7,,
Saudi Arabia,2022,45,2022-11-07,591,656,,27,3,,,26,56,,,21,,64,85,141,450,13,,
Saudi Arabia,2022,46,2022-11-14,571,618,,16,,,,30,46,,,20,,49,69,115,456,19,,
Saudi Arabia,2022,47,2022-11-21,445,514,,11,1,,,14,26,,,9,,33,42,68,377,14,,
Saudi Arabia,2022,48,2022-11-28,445,517,,10,,,,9,19,,,12,,27,39,58,387,21,,
Saudi Arabia,2022,49,2022-12-05,520,612,,13,1,,,17,31,,,7,,33,40,71,449,22,,
Saudi Arabia,2022,50,2022-12-12,371,502,,6,,,,9,15,,,3,,23,26,41,330,23,,
Saudi Arabia,2022,51,2022-12-19,408,504,,10,,,,17,27,,,3,,18,21,48,360,21,,
Saudi Arabia,2022,52,2022-12-26,379,461,,2,1,,,16,19,,,3,,21,24,43,336,7,,
Saudi Arabia,2023,1,2023-01-02,537,603,,11,,,,27,38,,,,,29,29,67,470,2,,
Saudi Arabia,2023,2,2023-01-09,435,579,,,,,,26,26,,,,,18,18,44,391,6,,
Saudi Arabia,2023,3,2023-01-16,525,560,,12,,,,34,46,,,2,,34,36,82,444,9,,
Saudi Arabia,2023,4,2023-01-23,670,683,,7,2,,,30,39,,,1,,29,30,69,601,6,,
Saudi Arabia,2023,5,2023-01-30,440,454,,11,2,,,18,31,,,,,18,18,49,391,2,,
Saudi Arabia,2023,6,2023-02-06,794,815,,17,1,,,40,58,,,2,,38,40,98,696,5,,
Saudi Arabia,2023,7,2023-02-13,797,831,,14,1,,,43,58,,,2,,31,33,91,707,7,,
Saudi Arabia,2023,8,2023-02-20,609,628,,12,,,,41,53,,,1,,27,28,81,528,4,,
Saudi Arabia,2023,9,2023-02-27,696,720,,15,4,,,30,49,,,2,,19,21,70,626,4,,
Saudi Arabia,2023,10,2023-03-06,622,677,,24,3,,,21,48,,,2,,17,19,67,556,7,,
Saudi Arabia,2023,11,2023-03-13,669,713,,12,2,,,27,41,,,2,,25,27,68,601,1,,
Saudi Arabia,2023,12,2023-03-20,593,663,,13,1,,,9,23,,,2,,14,16,39,554,5,,
Saudi Arabia,2023,13,2023-03-27,501,551,,8,3,,,13,24,,,1,,11,12,36,465,,,
Saudi Arabia,2023,14,2023-04-03,584,655,,5,3,,,11,19,,,1,,14,15,34,550,1,,
Saudi Arabia,2023,15,2023-04-10,498,548,,10,1,,,6,17,,,2,,5,7,24,474,1,,
Saudi Arabia,2023,16,2023-04-17,206,218,,4,2,,,12,18,,,,,9,9,27,179,1,,
Saudi Arabia,2023,17,2023-04-24,402,427,,12,1,,,13,26,,,1,,5,6,32,370,1,,
Saudi Arabia,2023,18,2023-05-01,724,777,,16,3,,,21,40,,,1,,5,6,46,679,1,,
Saudi Arabia,2023,19,2023-05-08,659,694,,16,7,,,17,40,,,7,,17,24,64,595,1,,
Saudi Arabia,2023,20,2023-05-15,614,661,,18,3,,,18,39,,,1,,26,27,66,548,2,,
Saudi Arabia,2023,21,2023-05-22,689,737,,15,8,,,13,36,,,8,,11,19,55,634,2,,
Saudi Arabia,2023,22,2023-05-29,598,635,,14,5,,,12,31,,,,,11,11,42,556,1,,
Saudi Arabia,2023,23,2023-06-05,597,626,,17,12,,,9,38,,,3,,10,13,51,546,2,,
Saudi Arabia,2023,24,2023-06-12,577,598,,21,3,,,12,36,,,4,,20,24,60,518,1,,
Saudi Arabia,2023,25,2023-06-19,626,643,,16,2,,,18,36,,,1,,21,22,58,568,2,,
Saudi Arabia,2023,26,2023-06-26,456,459,,3,4,,,39,46,,,,,2,2,48,408,,,
Saudi Arabia,2023,27,2023-07-03,651,659,,11,4,,,42,57,,,3,,14,17,74,577,1,,
Saudi Arabia,2023,28,2023-07-10,674,693,,10,6,,,27,43,,,1,,11,12,55,619,1,,
Saudi Arabia,2023,29,2023-07-17,635,650,,8,6,,,24,38,,,,,9,9,47,589,1,,
Saudi Arabia,2023,30,2023-07-24,593,609,,5,7,,,16,28,,,,,8,8,36,557,2,,
Saudi Arabia,2023,31,2023-07-31,588,594,,8,5,,,20,33,,,,,10,10,43,545,1,,
Saudi Arabia,2023,32,2023-08-07,635,648,,,,,,17,17,,,,,13,13,30,605,2,,
Saudi Arabia,2023,33,2023-08-14,785,797,,2,8,,,33,43,,,3,,19,22,65,720,2,,
Saudi Arabia,2023,34,2023-08-21,815,856,,8,18,,,22,48,,,3,,8,11,59,756,3,,
Saudi Arabia,2023,35,2023-08-28,844,874,,10,11,,,34,55,,,1,,20,21,76,768,,,
Saudi Arabia,2023,36,2023-09-04,994,1013,,15,15,,,39,69,,,,,22,22,91,903,2,,
Saudi Arabia,2023,37,2023-09-11,965,976,,20,22,,,37,79,,,4,,17,21,100,865,1,,
Saudi Arabia,2023,38,2023-09-18,1071,1091,,33,30,,,51,114,,,6,,38,44,158,913,3,,
Saudi Arabia,2023,39,2023-09-25,1042,1061,,48,51,,,42,141,,,4,,26,30,171,871,4,,
Saudi Arabia,2023,40,2023-10-02,1198,1221,,74,80,,,74,228,,,4,,34,38,266,932,4,,
Saudi Arabia,2023,41,2023-10-09,1267,1295,,88,93,,,133,314,,,6,,36,42,356,911,3,,
Saudi Arabia,2023,42,2023-10-16,1197,1218,,102,114,,,112,328,,,17,,27,44,372,825,5,,
Saudi Arabia,2023,43,2023-10-23,1230,1244,,117,129,,,115,361,,,14,,36,50,411,819,6,,
Saudi Arabia,2023,44,2023-10-30,1373,1390,,105,110,,,124,339,,,24,,60,84,423,950,14,,
Saudi Arabia,2023,45,2023-11-06,1215,1246,,52,46,,,92,190,,,16,,24,40,230,985,35,,
Saudi Arabia,2023,46,2023-11-13,1147,1161,,25,50,,,68,143,,,16,,41,57,200,947,34,,
Saudi Arabia,2023,47,2023-11-20,1152,1166,,31,46,,,59,136,,,19,,32,51,187,965,50,,
Saudi Arabia,2023,48,2023-11-27,1161,1181,,26,37,,,66,129,,,18,,24,42,171,990,63,,
Saudi Arabia,2023,49,2023-12-04,1238,1254,,36,18,,,45,99,,,15,,23,38,137,1101,45,,
Saudi Arabia,2023,50,2023-12-11,1305,1322,,27,28,,,29,84,,,19,,22,41,125,1181,46,,
Saudi Arabia,2023,51,2023-12-18,1267,1285,,11,25,,,42,78,,,23,,32,55,133,1134,27,,
Saudi Arabia,2023,52,2023-12-25,1280,1307,,23,31,,,41,95,,,21,,17,38,133,1147,50,,
Saudi Arabia,2024,1,2024-01-01,1226,1251,,17,21,,,49,87,,,24,,20,44,131,1095,46,,
Saudi Arabia,2024,2,2024-01-08,986,1008,,15,19,,,17,51,,,8,,14,22,73,913,29,,
Saudi Arabia,2024,3,2024-01-15,972,1061,,12,27,,,5,44,,,10,,15,25,69,903,49,,
Saudi Arabia,2024,4,2024-01-22,907,931,,19,10,,,11,40,,,6,,12,18,58,849,34,,
Saudi Arabia,2024,5,2024-01-29,952,1024,,18,16,,,14,48,,,11,,13,24,72,885,24,,
Saudi Arabia,2024,6,2024-02-05,954,1009,,18,22,,,22,62,,,12,,17,29,91,865,10,,
Saudi Arabia,2024,7,2024-02-12,876,906,,11,20,,,33,64,,,6,,17,23,87,789,10,,
Saudi Arabia,2024,8,2024-02-19,802,862,,5,4,,,26,35,,,10,,11,21,56,746,6,,
Saudi Arabia,2024,9,2024-02-26,799,834,,6,14,,,22,42,,,6,,21,27,69,730,9,,
Saudi Arabia,2024,10,2024-03-04,768,803,,5,6,,,8,19,,,8,,13,21,40,728,13,,
Saudi Arabia,2024,11,2024-03-11,763,812,,24,8,,,8,40,,,4,,16,20,60,703,8,,
Saudi Arabia,2024,12,2024-03-18,856,878,,18,5,,,6,29,,,9,,11,20,49,807,8,,
Saudi Arabia,2024,13,2024-03-25,743,799,,4,1,,,7,12,,,5,,12,17,29,714,7,,
Saudi Arabia,2024,14,2024-04-01,788,823,,18,6,,,1,25,,,8,,13,21,46,742,4,,
Saudi Arabia,2024,15,2024-04-08,338,363,,5,1,,,1,7,,,4,,5,9,16,322,1,,
Saudi Arabia,2024,16,2024-04-15,895,998,,17,7,,,16,40,,,2,,11,13,53,842,,,
Saudi Arabia,2024,17,2024-04-22,919,954,,10,1,,,10,21,,,5,,12,17,38,881,3,,
Saudi Arabia,2024,18,2024-04-29,878,929,,1,,,,8,9,,,4,,14,18,27,851,3,,
Saudi Arabia,2024,19,2024-05-06,885,996,,3,7,,,12,22,,,4,,13,17,39,846,,,
Saudi Arabia,2024,20,2024-05-13,916,968,,3,5,,,7,15,,,4,,15,19,34,882,1,,
Saudi Arabia,2024,21,2024-05-20,898,985,,1,,,,3,4,,,7,,16,23,27,871,2,,
Saudi Arabia,2024,22,2024-05-27,762,964,,1,,,,1,2,,,5,,6,11,13,749,1,,
Saudi Arabia,2024,23,2024-06-03,736,897,,3,1,,,2,6,,,3,,5,8,14,722,,,
Saudi Arabia,2024,24,2024-06-10,583,706,,1,1,,,3,5,,,2,,7,9,14,569,,,
Saudi Arabia,2024,25,2024-06-17,505,599,,2,1,,,5,8,,,1,,6,7,15,490,,,
Saudi Arabia,2024,26,2024-06-24,794,907,,1,3,,,7,11,,,7,,5,12,23,771,,,
Saudi Arabia,2024,27,2024-07-01,842,952,,9,6,,,3,18,,,10,,7,17,35,807,,,
Saudi Arabia,2024,28,2024-07-08,816,893,,5,12,,,7,24,,,4,,6,10,34,782,1,,
Saudi Arabia,2024,29,2024-07-15,798,940,,2,9,,,6,17,,,2,,2,4,21,777,2,,
Saudi Arabia,2024,30,2024-07-22,804,889,,4,6,,,6,16,,,2,,,2,18,786,1,,
Saudi Arabia,2024,31,2024-07-29,878,933,,4,2,,,6,12,,,4,,8,12,24,854,1,,
Saudi Arabia,2024,32,2024-08-05,918,956,,2,3,,,3,8,,,1,,11,12,20,898,,,
Saudi Arabia,2024,33,2024-08-12,897,959,,9,2,,,5,16,,,,,7,7,23,874,,,
Saudi Arabia,2024,34,2024-08-19,979,1012,,8,4,,,6,18,,,1,,8,9,27,952,1,,
Saudi Arabia,2024,35,2024-08-26,997,1052,,7,,,,6,13,,,1,,7,8,21,976,,,
Saudi Arabia,2024,36,2024-09-02,1020,1089,,10,2,,,6,18,,,2,,11,13,31,989,4,,
Saudi Arabia,2024,37,2024-09-09,884,1083,,11,1,,,7,19,,,,,9,9,28,856,5,,
Saudi Arabia,2024,38,2024-09-16,880,1007,,15,,,,10,25,,,1,,8,9,34,846,4,,
Saudi Arabia,2024,39,2024-09-23,930,972,,23,,,,8,31,,,,,7,7,38,892,3,,
Saudi Arabia,2024,40,2024-09-30,1104,1208,,32,1,,,10,43,,,,,7,7,50,1054,8,,
Saudi Arabia,2024,41,2024-10-07,1115,1188,,47,4,,,9,60,,,4,,5,9,69,1046,14,,
Saudi Arabia,2024,42,2024-10-14,1068,1226,,74,4,,,11,89,,,3,,8,11,100,968,4,,
Saudi Arabia,2024,43,2024-10-21,1171,1227,,84,3,,,18,105,,,10,,13,23,128,1043,12,,
Saudi Arabia,2024,44,2024-10-28,1069,1136,,84,2,,,17,103,,,4,,11,15,118,951,13,,
Saudi Arabia,2024,45,2024-11-04,1033,1248,,73,2,,,19,94,,,1,,17,18,112,921,28,,
Saudi Arabia,2024,46,2024-11-11,1082,1195,,58,8,,,25,91,,,15,,15,30,121,961,34,,
Saudi Arabia,2024,47,2024-11-18,1112,1157,,67,6,,,23,96,,,9,,13,22,118,994,46,,
Saudi Arabia,2024,48,2024-11-25,1075,1223,,42,5,,,33,80,,,3,,10,13,93,982,47,,
Saudi Arabia,2024,49,2024-12-02,1180,1314,,45,1,,,35,81,,,,,20,20,101,1079,61,,
Saudi Arabia,2024,50,2024-12-09,1228,1356,,71,5,,,37,113,,,8,,19,27,140,1088,39,,
Saudi Arabia,2024,51,2024-12-16,1327,1399,,66,17,,,57,140,,,15,,22,37,177,1150,85,,
Saudi Arabia,2024,52,2024-12-23,1230,1308,,56,29,,,56,141,,,22,,31,53,194,1036,95,,
Saudi Arabia,2025,1,2024-12-30,1127,1183,,59,27,,,31,117,,,17,,26,43,160,967,36,,
Saudi Arabia,2025,2,2025-01-06,1253,1298,,92,62,,,53,207,,,51,,18,69,276,977,18,,
Saudi Arabia,2025,3,2025-01-13,1229,1271,,85,18,,,94,197,,,41,,40,81,278,951,21,,
Saudi Arabia,2025,4,2025-01-20,1215,1251,,67,,,,127,194,,,,,93,93,287,928,18,,
Saudi Arabia,2025,5,2025-01-27,1065,1210,,66,2,,,139,207,,,25,,100,125,332,733,13,,
Saudi Arabia,2025,6,2025-02-03,1088,1141,,51,1,,,114,166,,,1,,113,114,280,808,21,,
Saudi Arabia,2025,7,2025-02-10,1063,1183,,17,1,,,110,128,,,,,88,88,216,847,44,,
Saudi Arabia,2025,8,2025-02-17,1044,1075,,10,3,,,100,113,,,,,68,68,181,863,56,,
Saudi Arabia,2025,9,2025-02-24,884,955,,10,3,,,22,35,,,,,40,40,75,809,24,,
Saudi Arabia,2025,10,2025-03-03,793,860,,6,,,,16,22,,,,,32,32,54,739,31,,
Saudi Arabia,2025,11,2025-03-10,840,893,,6,1,,,20,27,,,,,43,43,70,770,34,,
Saudi Arabia,2025,12,2025-03-17,765,818,,12,,,,8,20,,,,,22,22,42,723,13,,
Saudi Arabia,2025,13,2025-03-24,576,592,,9,,,,7,16,,,,,5,5,21,555,21,,
Saudi Arabia,2025,14,2025-03-31,439,455,,1,,,,11,12,,,,,10,10,22,417,8,,
Saudi Arabia,2025,15,2025-04-07,752,840,,2,1,,,11,14,,,,,12,12,26,726,3,,
Saudi Arabia,2025,16,2025-04-14,767,859,,6,1,,,16,23,,,,,14,14,37,730,8,,
Saudi Arabia,2025,17,2025-04-21,768,849,,12,,,,11,23,,,,,23,23,46,722,7,,
Saudi Arabia,2025,18,2025-04-28,722,777,,5,,,,11,16,,,,,26,26,42,680,1,,
Saudi Arabia,2025,19,2025-05-05,818,871,,16,2,,,11,29,,,,,35,35,64,754,2,,
Saudi Arabia,2025,20,2025-05-12,736,782,,3,,,,6,9,,,,,7,7,16,720,3,,
Saudi Arabia,2025,21,2025-05-19,513,701,,3,1,,,9,13,,,,,26,26,39,474,4,,
Saudi Arabia,2025,22,2025-05-26,576,698,,4,,,,3,7,,,,,13,13,20,556,5,,
Saudi Arabia,2025,23,2025-06-02,357,397,,4,,,,1,5,,,,,6,6,11,346,3,,
Saudi Arabia,2025,24,2025-06-09,349,401,,3,,,,5,8,,,,,13,13,21,328,1,,
Saudi Arabia,2025,25,2025-06-16,563,708,,2,,,,5,7,,,,,6,6,13,550,1,,
Saudi Arabia,2025,26,2025-06-23,556,673,,,,,,10,10,,,,,8,8,18,538,4,,
Saudi Arabia,2025,27,2025-06-30,593,664,,,1,,,4,5,,,5,,5,10,15,578,1,,
Saudi Arabia,2025,28,2025-07-07,695,763,,3,1,,,7,11,,,3,,6,9,20,675,2,,
Saudi Arabia,2025,29,2025-07-14,758,818,,4,,,,16,20,,,3,,7,10,30,728,2,,
Saudi Arabia,2025,30,2025-07-21,709,771,,3,3,,,3,9,,,,,4,4,13,696,1,,
Saudi Arabia,2025,31,2025-07-28,686,706,,3,3,,,7,13,,,4,,,4,17,669,1,,
Saudi Arabia,2025,32,2025-08-04,622,647,,4,4,,,3,11,,,2,,3,5,16,606,2,,
Saudi Arabia,2025,33,2025-08-11,657,677,,3,7,,,1,11,,,2,,2,4,15,642,,,
Saudi Arabia,2025,34,2025-08-18,694,713,,12,5,,,4,21,,,,,,,21,673,2,,
Saudi Arabia,2025,35,2025-08-25,684,699,,6,10,,,,16,,,1,,,1,17,667,,,
Saudi Arabia,2025,36,2025-09-01,761,773,,4,11,,,,15,,,5,,,5,20,741,,,
Saudi Arabia,2025,37,2025-09-08,791,813,,2,13,,,7,22,,,3,,3,6,28,763,1,,
Saudi Arabia,2025,38,2025-09-15,724,737,,6,16,,,14,36,,,4,,1,5,41,683,2,,
Saudi Arabia,2025,39,2025-09-22,753,776,,5,24,,,24,53,,,1,,4,5,58,695,2,,
Saudi Arabia,2025,40,2025-09-29,819,843,,9,25,,,58,92,,,4,,8,12,104,715,4,,
Saudi Arabia,2025,41,2025-10-06,882,891,,23,153,,,7,183,,,10,,5,15,198,684,1,,
Saudi Arabia,2025,42,2025-10-13,981,1006,,38,217,,,15,270,,,8,,2,10,280,701,5,,
Saudi Arabia,2025,43,2025-10-20,1053,1092,,38,238,,,46,322,,,12,,4,16,338,715,3,,
Saudi Arabia,2025,44,2025-10-27,1213,1230,,41,335,,,48,424,,,18,,4,22,446,767,2,,
Saudi Arabia,2025,45,2025-11-03,1102,1126,,23,290,,,59,372,,,23,,9,32,404,698,7,,
Saudi Arabia,2025,46,2025-11-10,1195,1208,,46,299,,,56,401,,,25,,4,29,430,765,17,,
Saudi Arabia,2025,47,2025-11-17,1085,1101,,24,164,,,42,230,,,24,,1,25,255,830,28,,
Saudi Arabia,2025,48,2025-11-24,899,930,,14,100,,,14,128,,,18,,,18,146,753,27,,
Saudi Arabia,2025,49,2025-12-01,926,957,,11,71,,,27,109,,,20,,2,22,131,795,46,,
Saudi Arabia,2025,50,2025-12-08,959,975,,20,35,,,11,66,,,29,,3,32,98,861,51,,
Saudi Arabia,2025,51,2025-12-15,798,814,,12,23,,,5,40,,,17,,1,18,58,740,65,,
Saudi Arabia,2025,52,2025-12-22,817,849,,3,18,,,3,24,,,18,,1,19,43,774,74,,
Saudi Arabia,2026,1,2025-12-29,770,792,,5,4,,,2,11,,,14,,1,15,26,744,91,,
Saudi Arabia,2026,2,2026-01-05,748,774,,15,11,,,2,28,,,10,,2,12,40,708,114,,
Saudi Arabia,2026,3,2026-01-12,754,780,,9,4,,,1,14,,,13,,1,14,28,726,92,,
Saudi Arabia,2026,4,2026-01-19,716,754,,9,3,,,8,20,,,5,,2,7,27,689,74,,
Saudi Arabia,2026,5,2026-01-26,889,908,,8,3,,,4,15,,,11,,,11,26,863,78,,
Saudi Arabia,2026,6,2026-02-02,773,788,,10,4,,,6,20,,,19,,1,20,40,733,86,,
Saudi Arabia,2026,7,2026-02-09,779,790,,9,2,,,,11,,,22,,1,23,34,745,70,,
Saudi Arabia,2026,8,2026-02-16,660,677,,8,2,,,1,11,,,12,,3,15,26,634,65,,
Saudi Arabia,2026,9,2026-02-23,683,718,,13,,,,1,14,,,12,,4,16,30,653,35,,
Saudi Arabia,2026,10,2026-03-02,657,675,,4,4,,,,8,,,10,,,10,18,639,41,,
Saudi Arabia,2026,11,2026-03-09,479,486,,9,,,,,9,,,8,,,8,17,462,39,,
Saudi Arabia,2026,12,2026-03-16,525,537,,3,,,,3,6,,,2,,3,5,11,514,23,,
Saudi Arabia,2026,13,2026-03-23,725,762,,5,,,,1,6,,,6,,3,9,15,710,21,,
Saudi Arabia,2026,14,2026-03-30,691,722,,3,,,,6,9,,,11,,3,14,23,668,21,,
Saudi Arabia,2026,15,2026-04-06,640,676,,2,1,,,2,5,,,10,,,10,15,625,17,,
Saudi Arabia,2026,16,2026-04-13,739,747,,2,,,,,2,,,8,,1,9,11,728,7,,
Saudi Arabia,2026,17,2026-04-20,665,718,,1,,,,,1,,,10,,2,12,13,652,6,,
Saudi Arabia,2026,18,2026-04-27,629,688,,2,1,,,,3,,,12,,,12,15,614,8,,
Saudi Arabia,2026,19,2026-05-04,682,732,,3,,,,,3,,,9,,,9,12,670,12,,
Saudi Arabia,2026,20,2026-05-11,752,807,,1,2,,,2,5,,,11,,1,12,17,735,3,,
Saudi Arabia,2026,21,2026-05-18,323,344,,4,,,,,4,,,10,,,10,14,309,3,,
Saudi Arabia,2026,22,2026-05-25,572,613,,3,1,,,2,6,,,4,,1,5,11,561,1,,
Saudi Arabia,2026,23,2026-06-01,658,700,,6,,,,,6,,,6,,,6,12,646,2,,
Saudi Arabia,2026,24,2026-06-08,591,645,,4,1,,,,5,,,4,,2,6,11,580,3,,
Saudi Arabia,2026,25,2026-06-15,609,657,,8,3,,,,11,,,5,,,5,16,593,1,,
Saudi Arabia,2026,26,2026-06-22,631,678,,3,,,,1,4,,,5,,1,6,10,621,1,,
Saudi Arabia,2026,27,2026-06-29,684,756,,3,1,,,,4,,,7,,1,8,12,672,3,,
Saudi Arabia,2026,28,2026-07-06,826,846,,16,,,,,16,,,10,,1,11,27,799,2,,
Saudi Arabia,2026,29,2026-07-13,746,769,,13,,,,1,14,,,8,,3,11,25,721,2,,
