COUNTRY_AREA_TERRITORY,ISO_YEAR,ISO_WEEK,ISO_WEEKSTARTDATE,SPEC_PROCESSED_NB,SPEC_RECEIVED_NB,AH1,AH1N12009,AH3,ANOTSUBTYPED,INF_A,BVIC_NODEL,BNOTDETERMINED,INF_B,INF_ALL,INF_NEGATIVE,RSV
Saudi Arabia,2015,6,2015-02-02,1,1,0,0,0,0,0,0,0,0,0,1,0
Saudi Arabia,2016,36,2016-09-05,1,1,0,0,0,0,0,0,0,0,0,1,0
Saudi Arabia,2016,52,2016-12-26,1,3,0,0,0,0,0,0,0,0,0,1,0
Saudi Arabia,2017,1,2017-01-02,12,12,0,0,0,0,0,0,0,0,0,12,0
Saudi Arabia,2017,2,2017-01-09,7,7,0,0,0,0,0,0,0,0,0,7,0
Saudi Arabia,2017,3,2017-01-16,17,17,0,0,0,0,0,0,1,1,1,16,0
Saudi Arabia,2017,4,2017-01-23,42,42,0,2,0,0,2,0,3,3,5,37,0
Saudi Arabia,2017,5,2017-01-30,77,82,0,0,0,1,1,0,0,0,1,76,0
Saudi Arabia,2017,6,2017-02-06,72,72,0,0,0,2,2,0,1,1,3,69,0
Saudi Arabia,2017,7,2017-02-13,60,60,0,1,0,5,6,0,2,2,8,52,0
Saudi Arabia,2017,8,2017-02-20,73,76,0,5,0,2,7,0,3,3,10,63,0
Saudi Arabia,2017,9,2017-02-27,61,61,0,4,0,2,6,0,2,2,8,53,0
Saudi Arabia,2017,10,2017-03-06,79,79,0,2,0,2,4,0,7,7,11,68,0
Saudi Arabia,2017,11,2017-03-13,65,65,0,6,0,3,9,0,0,0,9,56,0
Saudi Arabia,2017,12,2017-03-20,53,53,0,2,0,4,6,0,0,0,6,47,0
Saudi Arabia,2017,13,2017-03-27,40,42,0,0,0,3,3,0,2,2,5,35,0
Saudi Arabia,2017,14,2017-04-03,40,41,0,0,0,1,1,0,2,2,3,37,0
Saudi Arabia,2017,15,2017-04-10,43,44,0,0,0,2,2,0,1,1,3,40,0
Saudi Arabia,2017,16,2017-04-17,45,45,0,0,0,6,6,0,2,2,8,37,0
Saudi Arabia,2017,17,2017-04-24,52,54,0,1,0,2,3,0,3,3,6,46,0
Saudi Arabia,2017,18,2017-05-01,46,47,0,3,0,2,5,0,4,4,9,37,0
Saudi Arabia,2017,19,2017-05-08,34,35,0,4,0,3,7,0,5,5,12,22,0
Saudi Arabia,2017,20,2017-05-15,38,39,0,6,0,1,7,0,3,3,10,28,0
Saudi Arabia,2017,21,2017-05-22,32,32,0,2,0,0,2,0,1,1,3,29,0
Saudi Arabia,2017,22,2017-05-29,29,30,0,1,0,2,3,0,0,0,3,26,0
Saudi Arabia,2017,23,2017-06-05,49,49,0,11,0,2,13,0,2,2,15,34,0
Saudi Arabia,2017,24,2017-06-12,48,49,0,7,0,4,11,0,3,3,14,34,0
Saudi Arabia,2017,25,2017-06-19,47,48,0,4,0,3,7,0,4,4,11,36,0
Saudi Arabia,2017,26,2017-06-26,40,40,0,2,0,6,8,0,2,2,10,30,0
Saudi Arabia,2017,27,2017-07-03,28,28,0,1,0,5,6,0,3,3,9,18,0
Saudi Arabia,2017,28,2017-07-10,27,27,0,1,0,1,2,0,1,1,3,24,0
Saudi Arabia,2017,29,2017-07-17,22,22,0,0,0,1,1,0,1,1,2,20,0
Saudi Arabia,2017,30,2017-07-24,28,29,0,0,0,1,1,0,5,5,6,22,0
Saudi Arabia,2017,31,2017-07-31,36,36,0,0,0,1,1,0,1,1,2,34,0
Saudi Arabia,2017,32,2017-08-07,56,56,0,0,0,3,3,0,3,3,6,50,0
Saudi Arabia,2017,33,2017-08-14,43,43,0,2,0,8,10,0,1,1,11,32,0
Saudi Arabia,2017,34,2017-08-21,58,58,0,1,0,5,6,0,1,1,7,51,0
Saudi Arabia,2017,35,2017-08-28,43,45,0,2,0,4,6,0,0,0,6,37,0
Saudi Arabia,2017,36,2017-09-04,46,47,0,6,0,5,11,0,0,0,11,35,0
Saudi Arabia,2017,37,2017-09-11,30,31,0,2,0,3,5,0,0,0,5,25,0
Saudi Arabia,2017,38,2017-09-18,39,39,0,4,0,2,6,0,0,0,6,33,0
Saudi Arabia,2017,39,2017-09-25,50,50,0,12,0,0,12,0,3,3,15,35,0
Saudi Arabia,2017,40,2017-10-02,43,43,0,6,0,2,8,0,1,1,9,34,0
Saudi Arabia,2017,41,2017-10-09,56,56,0,11,0,2,13,0,1,1,14,42,0
Saudi Arabia,2017,42,2017-10-16,76,77,0,19,0,4,23,0,0,0,23,53,0
Saudi Arabia,2017,43,2017-10-23,75,75,0,21,0,1,22,0,2,2,24,51,0
Saudi Arabia,2017,44,2017-10-30,109,109,0,32,0,4,36,0,3,3,39,70,0
Saudi Arabia,2017,45,2017-11-06,104,104,0,31,0,2,33,0,2,2,35,69,0
Saudi Arabia,2017,46,2017-11-13,99,101,0,31,0,6,37,0,4,4,41,58,0
Saudi Arabia,2017,47,2017-11-20,118,121,0,30,0,7,37,0,9,9,46,72,0
Saudi Arabia,2017,48,2017-11-27,134,139,0,31,0,6,37,0,5,5,42,92,0
Saudi Arabia,2017,49,2017-12-04,139,143,0,30,0,8,38,0,4,4,42,97,0
Saudi Arabia,2017,50,2017-12-11,135,140,0,20,0,7,27,0,7,7,34,101,0
Saudi Arabia,2017,51,2017-12-18,154,155,0,13,0,9,22,0,25,25,47,107,0
Saudi Arabia,2017,52,2017-12-25,135,136,0,16,0,11,27,0,14,14,41,94,0
Saudi Arabia,2018,1,2018-01-01,139,140,0,9,0,7,16,0,19,19,35,104,0
Saudi Arabia,2018,2,2018-01-08,107,109,0,7,0,4,11,0,7,7,18,89,0
Saudi Arabia,2018,3,2018-01-15,114,114,0,10,0,6,16,0,11,11,27,87,0
Saudi Arabia,2018,4,2018-01-22,109,110,0,4,0,7,11,0,9,9,20,89,0
Saudi Arabia,2018,5,2018-01-29,125,128,0,2,0,4,6,0,12,12,18,107,0
Saudi Arabia,2018,6,2018-02-05,191,196,0,7,0,8,15,0,20,20,35,156,0
Saudi Arabia,2018,7,2018-02-12,201,203,0,5,0,5,10,0,31,31,41,160,0
Saudi Arabia,2018,8,2018-02-19,137,141,0,1,0,6,7,0,16,16,23,114,0
Saudi Arabia,2018,9,2018-02-26,229,235,0,0,0,14,14,0,19,19,33,196,0
Saudi Arabia,2018,10,2018-03-05,250,257,0,2,0,9,11,0,20,20,31,219,0
Saudi Arabia,2018,11,2018-03-12,230,236,0,7,0,2,9,0,16,16,25,205,0
Saudi Arabia,2018,12,2018-03-19,222,234,0,2,0,8,10,0,9,9,19,203,0
Saudi Arabia,2018,13,2018-03-26,204,210,0,6,0,2,8,0,9,9,17,187,0
Saudi Arabia,2018,14,2018-04-02,160,165,0,1,0,3,4,0,17,17,21,139,0
Saudi Arabia,2018,15,2018-04-09,182,194,0,0,0,7,7,0,13,13,20,162,0
Saudi Arabia,2018,16,2018-04-16,152,157,0,1,0,10,11,0,14,14,25,127,0
Saudi Arabia,2018,17,2018-04-23,121,124,0,0,0,10,10,0,9,9,19,102,0
Saudi Arabia,2018,18,2018-04-30,144,148,0,4,0,7,11,0,8,8,19,125,0
Saudi Arabia,2018,19,2018-05-07,139,143,0,2,0,5,7,0,2,2,9,130,0
Saudi Arabia,2018,20,2018-05-14,130,135,0,4,0,5,9,0,3,3,12,118,0
Saudi Arabia,2018,21,2018-05-21,116,118,0,1,0,4,5,0,1,1,6,110,0
Saudi Arabia,2018,22,2018-05-28,137,138,0,2,0,2,4,0,1,1,5,132,0
Saudi Arabia,2018,23,2018-06-04,128,132,0,1,0,10,11,0,1,1,12,116,0
Saudi Arabia,2018,24,2018-06-11,141,148,0,2,0,6,8,0,1,1,9,132,0
Saudi Arabia,2018,25,2018-06-18,134,140,0,1,0,5,6,0,1,1,7,127,0
Saudi Arabia,2018,26,2018-06-25,98,103,0,1,0,3,4,0,4,4,8,90,0
Saudi Arabia,2018,27,2018-07-02,83,87,0,0,0,5,5,0,0,0,5,78,0
Saudi Arabia,2018,28,2018-07-09,103,105,0,0,0,6,6,0,0,0,6,97,0
Saudi Arabia,2018,29,2018-07-16,80,82,0,1,0,2,3,0,0,0,3,77,0
Saudi Arabia,2018,30,2018-07-23,101,107,0,0,0,1,1,0,0,0,1,100,0
Saudi Arabia,2018,31,2018-07-30,99,101,0,1,0,0,1,0,1,1,2,97,0
Saudi Arabia,2018,32,2018-08-06,88,97,0,2,0,2,4,0,0,0,4,84,0
Saudi Arabia,2018,33,2018-08-13,91,96,0,0,0,5,5,0,1,1,6,85,0
Saudi Arabia,2018,34,2018-08-20,102,117,0,4,0,6,10,0,5,5,15,87,0
Saudi Arabia,2018,35,2018-08-27,147,153,0,1,0,12,13,0,5,5,18,129,0
Saudi Arabia,2018,36,2018-09-03,124,129,0,2,0,6,8,0,1,1,9,115,0
Saudi Arabia,2018,37,2018-09-10,154,155,0,4,0,8,12,0,0,0,12,142,0
Saudi Arabia,2018,38,2018-09-17,113,114,0,4,0,7,11,0,1,1,12,100,0
Saudi Arabia,2018,39,2018-09-24,133,136,0,0,0,7,7,0,2,2,9,124,0
Saudi Arabia,2018,40,2018-10-01,125,128,0,1,0,11,12,0,1,1,13,112,0
Saudi Arabia,2018,41,2018-10-08,136,138,0,7,0,10,17,0,7,7,24,112,0
Saudi Arabia,2018,42,2018-10-15,171,172,0,16,0,24,40,0,3,3,43,128,0
Saudi Arabia,2018,43,2018-10-22,176,185,0,16,0,18,34,0,8,8,42,134,0
Saudi Arabia,2018,44,2018-10-29,226,228,0,7,0,24,31,0,3,3,34,192,0
Saudi Arabia,2018,45,2018-11-05,233,237,0,13,0,23,36,0,7,7,43,190,0
Saudi Arabia,2018,46,2018-11-12,254,257,0,16,0,31,47,0,10,10,57,197,0
Saudi Arabia,2018,47,2018-11-19,315,320,0,28,0,51,79,0,5,5,84,231,0
Saudi Arabia,2018,48,2018-11-26,282,292,0,16,0,22,38,0,3,3,41,241,0
Saudi Arabia,2018,49,2018-12-03,326,335,0,29,0,26,55,0,5,5,60,266,0
Saudi Arabia,2018,50,2018-12-10,304,309,0,21,0,25,46,0,4,4,50,254,0
Saudi Arabia,2018,51,2018-12-17,268,270,0,7,0,23,30,0,9,9,39,229,0
Saudi Arabia,2018,52,2018-12-24,235,244,0,8,0,19,27,0,4,4,31,204,0
Saudi Arabia,2019,1,2018-12-31,309,310,0,15,0,21,36,0,6,6,42,267,0
Saudi Arabia,2019,2,2019-01-07,240,244,0,13,0,18,31,0,6,6,37,203,0
Saudi Arabia,2019,3,2019-01-14,305,316,0,27,0,13,40,0,6,6,46,259,0
Saudi Arabia,2019,4,2019-01-21,273,277,0,25,0,15,40,0,4,4,44,228,0
Saudi Arabia,2019,5,2019-01-28,336,344,0,19,0,26,45,0,9,9,54,282,0
Saudi Arabia,2019,6,2019-02-04,344,350,0,24,0,10,34,0,16,16,50,294,0
Saudi Arabia,2019,7,2019-02-11,334,336,0,21,0,15,36,0,15,15,51,283,0
Saudi Arabia,2019,8,2019-02-18,340,355,0,20,0,21,41,0,15,15,56,283,0
Saudi Arabia,2019,9,2019-02-25,398,408,0,29,0,20,49,0,17,17,66,332,0
Saudi Arabia,2019,10,2019-03-04,333,336,0,18,0,14,32,0,25,25,57,276,0
Saudi Arabia,2019,11,2019-03-11,330,339,0,22,0,15,37,0,24,24,61,269,0
Saudi Arabia,2019,12,2019-03-18,336,341,0,28,0,12,40,0,25,25,65,271,0
Saudi Arabia,2019,13,2019-03-25,289,293,0,22,0,16,38,0,21,21,59,230,0
Saudi Arabia,2019,14,2019-04-01,322,331,0,18,0,21,39,0,22,22,61,261,0
Saudi Arabia,2019,15,2019-04-08,298,305,0,36,0,8,44,0,26,26,70,228,0
Saudi Arabia,2019,16,2019-04-15,299,303,0,19,0,9,28,0,22,22,50,249,0
Saudi Arabia,2019,17,2019-04-22,263,266,0,15,0,5,20,0,20,20,40,222,0
Saudi Arabia,2019,18,2019-04-29,249,255,0,17,0,6,23,0,5,5,28,221,0
Saudi Arabia,2019,19,2019-05-06,201,207,0,8,0,10,18,0,9,9,27,174,0
Saudi Arabia,2019,20,2019-05-13,190,191,0,8,0,6,14,0,7,7,21,169,0
Saudi Arabia,2019,21,2019-05-20,216,221,0,10,0,8,18,0,8,8,26,190,0
Saudi Arabia,2019,22,2019-05-27,190,193,0,13,0,4,17,0,1,1,18,172,0
Saudi Arabia,2019,23,2019-06-03,177,181,0,7,0,4,11,0,7,7,18,159,0
Saudi Arabia,2019,24,2019-06-10,217,218,0,9,0,2,11,0,7,7,18,199,0
Saudi Arabia,2019,25,2019-06-17,186,187,0,7,0,3,10,0,6,6,16,170,0
Saudi Arabia,2019,26,2019-06-24,136,137,0,1,0,0,1,0,8,8,9,127,0
Saudi Arabia,2019,27,2019-07-01,154,160,0,0,0,0,0,0,4,4,4,150,0
Saudi Arabia,2019,28,2019-07-08,147,150,0,0,0,0,0,0,2,2,2,145,0
Saudi Arabia,2019,29,2019-07-15,153,155,0,2,0,0,2,0,3,3,5,148,0
Saudi Arabia,2019,30,2019-07-22,163,170,0,3,0,2,5,0,1,1,6,157,0
Saudi Arabia,2019,31,2019-07-29,147,151,0,3,0,0,3,0,1,1,4,143,0
Saudi Arabia,2019,32,2019-08-05,165,168,0,12,0,4,16,0,1,1,17,148,0
Saudi Arabia,2019,33,2019-08-12,286,315,0,35,0,6,41,0,9,9,50,236,0
Saudi Arabia,2019,34,2019-08-19,210,217,0,21,0,5,26,0,2,2,28,182,0
Saudi Arabia,2019,35,2019-08-26,165,166,0,13,0,5,18,0,1,1,19,146,0
Saudi Arabia,2019,36,2019-09-02,178,180,0,11,0,4,15,0,4,4,19,159,0
Saudi Arabia,2019,37,2019-09-09,158,162,0,14,0,2,16,0,2,2,18,140,0
Saudi Arabia,2019,38,2019-09-16,149,151,0,11,1,4,16,0,4,4,20,129,0
Saudi Arabia,2019,39,2019-09-23,221,227,0,10,0,4,14,0,10,10,24,197,0
Saudi Arabia,2019,40,2019-09-30,194,201,0,10,0,6,16,0,13,13,29,165,0
Saudi Arabia,2019,41,2019-10-07,167,170,0,15,0,4,19,0,19,19,38,129,0
Saudi Arabia,2019,42,2019-10-14,214,218,0,17,0,16,33,0,18,18,51,163,0
Saudi Arabia,2019,43,2019-10-21,256,261,0,29,0,31,60,0,22,22,82,174,0
Saudi Arabia,2019,44,2019-10-28,304,315,0,31,0,48,79,0,19,19,98,206,0
Saudi Arabia,2019,45,2019-11-04,311,318,0,31,0,54,85,0,25,25,110,201,0
Saudi Arabia,2019,46,2019-11-11,367,376,0,47,0,65,112,0,25,25,137,230,0
Saudi Arabia,2019,47,2019-11-18,378,390,0,37,0,56,93,0,26,26,119,259,0
Saudi Arabia,2019,48,2019-11-25,371,381,0,53,0,39,92,0,25,25,117,254,0
Saudi Arabia,2019,49,2019-12-02,367,375,0,42,0,54,96,0,27,27,123,244,0
Saudi Arabia,2019,50,2019-12-09,356,368,0,30,0,26,56,0,22,22,78,278,0
Saudi Arabia,2019,51,2019-12-16,418,429,0,44,0,35,79,0,17,17,96,322,0
Saudi Arabia,2019,52,2019-12-23,331,342,0,31,0,33,64,0,11,11,75,255,1
Saudi Arabia,2020,1,2019-12-30,305,313,0,24,0,26,50,0,10,10,60,245,0
Saudi Arabia,2020,2,2020-01-06,297,309,0,29,0,15,44,0,8,8,52,245,0
Saudi Arabia,2020,3,2020-01-13,312,322,0,18,0,11,29,0,5,5,34,278,0
Saudi Arabia,2020,4,2020-01-20,324,344,0,23,0,16,39,0,8,8,47,277,0
Saudi Arabia,2020,5,2020-01-27,342,359,0,30,0,12,42,0,16,16,58,284,0
Saudi Arabia,2020,6,2020-02-03,288,304,0,14,0,13,27,0,7,7,34,254,0
Saudi Arabia,2020,7,2020-02-10,328,342,0,12,0,12,24,0,8,8,32,296,0
Saudi Arabia,2020,8,2020-02-17,323,336,0,23,0,7,30,0,9,9,39,283,0
Saudi Arabia,2020,9,2020-02-24,327,354,0,22,0,9,31,0,10,10,41,285,1
Saudi Arabia,2020,10,2020-03-02,354,388,0,20,0,14,34,0,14,14,48,306,0
Saudi Arabia,2020,11,2020-03-09,344,424,2,5,0,7,14,0,21,21,35,311,0
Saudi Arabia,2020,12,2020-03-16,214,355,0,0,0,0,0,0,12,12,12,202,0
Saudi Arabia,2020,13,2020-03-23,92,216,0,0,0,0,0,0,0,0,0,92,0
Saudi Arabia,2020,14,2020-03-30,22,105,0,0,0,0,0,0,0,0,0,22,0
Saudi Arabia,2020,15,2020-04-06,12,73,0,0,0,0,0,0,0,0,0,12,0
Saudi Arabia,2020,16,2020-04-13,18,40,0,0,0,0,0,0,0,0,0,18,0
Saudi Arabia,2020,17,2020-04-20,15,30,0,0,0,0,0,0,0,0,0,15,0
Saudi Arabia,2020,18,2020-04-27,4,8,0,0,0,0,0,0,0,0,0,4,0
Saudi Arabia,2020,19,2020-05-04,2,4,0,0,0,0,0,0,0,0,0,2,0
Saudi Arabia,2020,20,2020-05-11,9,12,0,0,0,0,0,0,0,0,0,9,0
Saudi Arabia,2020,21,2020-05-18,6,10,0,0,0,0,0,0,0,0,0,6,0
Saudi Arabia,2020,22,2020-05-25,7,12,0,0,0,0,0,0,0,0,0,7,0
Saudi Arabia,2020,23,2020-06-01,6,11,0,0,0,0,0,0,0,0,0,6,0
Saudi Arabia,2020,24,2020-06-08,3,3,0,0,0,0,0,0,0,0,0,3,0
Saudi Arabia,2020,25,2020-06-15,2,4,0,0,0,0,0,0,0,0,0,2,0
Saudi Arabia,2020,26,2020-06-22,1,2,0,0,0,0,0,0,0,0,0,1,0
Saudi Arabia,2020,27,2020-06-29,3,3,0,0,0,0,0,0,0,0,0,3,0
Saudi Arabia,2020,28,2020-07-06,2,3,0,0,0,0,0,0,0,0,0,2,0
Saudi Arabia,2020,29,2020-07-13,1,1,0,0,0,0,0,0,0,0,0,1,0
Saudi Arabia,2020,30,2020-07-20,1,1,0,0,0,0,0,0,0,0,0,0,0
Saudi Arabia,2020,31,2020-07-27,1,1,0,0,0,0,0,0,0,0,0,0,0
Saudi Arabia,2020,33,2020-08-10,1,1,0,0,0,0,0,0,0,0,0,1,0
Saudi Arabia,2020,36,2020-08-31,1,1,0,0,0,0,0,0,0,0,0,1,0
Saudi Arabia,2020,37,2020-09-07,1,2,0,0,0,0,0,0,0,0,0,1,0
Saudi Arabia,2020,38,2020-09-14,1,1,0,0,0,0,0,0,0,0,0,1,0
Saudi Arabia,2020,39,2020-09-21,2,2,0,0,0,0,0,0,0,0,0,2,0
Saudi Arabia,2020,40,2020-09-28,4,5,0,0,0,0,0,0,1,1,1,3,0
Saudi Arabia,2020,41,2020-10-05,15,22,0,0,0,0,0,0,0,0,0,15,0
Saudi Arabia,2020,42,2020-10-12,16,22,0,0,0,0,0,0,0,0,0,16,0
Saudi Arabia,2020,43,2020-10-19,64,70,0,0,0,0,0,0,0,0,0,64,0
Saudi Arabia,2020,44,2020-10-26,252,279,0,0,0,0,0,0,4,4,4,248,0
Saudi Arabia,2020,45,2020-11-02,309,359,0,0,0,0,0,0,2,2,2,307,0
Saudi Arabia,2020,46,2020-11-09,379,424,0,0,0,0,0,0,9,9,9,370,0
Saudi Arabia,2020,47,2020-11-16,338,357,0,0,0,0,0,0,6,6,6,332,0
Saudi Arabia,2020,48,2020-11-23,266,295,0,1,0,0,1,0,2,2,3,263,0
Saudi Arabia,2020,49,2020-11-30,211,224,0,1,0,0,1,0,1,1,2,209,0
Saudi Arabia,2020,50,2020-12-07,215,232,0,0,0,0,0,0,2,2,2,213,0
Saudi Arabia,2020,51,2020-12-14,261,299,0,0,0,0,0,0,1,1,1,260,0
Saudi Arabia,2020,52,2020-12-21,254,286,0,0,0,0,0,0,3,3,3,251,0
Saudi Arabia,2020,53,2020-12-28,254,282,0,0,0,0,0,0,3,3,3,251,0
Saudi Arabia,2021,1,2021-01-04,247,289,0,0,0,0,0,0,2,2,2,245,0
Saudi Arabia,2021,2,2021-01-11,232,258,0,0,0,1,1,0,6,6,7,225,0
Saudi Arabia,2021,3,2021-01-18,298,338,0,0,0,0,0,0,3,3,3,295,0
Saudi Arabia,2021,4,2021-01-25,249,270,0,0,0,0,0,0,4,4,4,245,0
Saudi Arabia,2021,5,2021-02-01,286,317,0,0,0,0,0,0,1,1,1,285,0
Saudi Arabia,2021,6,2021-02-08,273,300,0,0,0,1,1,0,5,5,6,267,0
Saudi Arabia,2021,7,2021-02-15,233,253,0,0,0,0,0,0,3,3,3,230,0
Saudi Arabia,2021,8,2021-02-22,218,230,0,0,0,0,0,0,4,4,4,214,0
Saudi Arabia,2021,9,2021-03-01,190,208,0,0,0,0,0,0,1,1,1,189,0
Saudi Arabia,2021,10,2021-03-08,201,224,0,0,0,0,0,0,1,1,1,200,0
Saudi Arabia,2021,11,2021-03-15,184,198,0,1,0,0,1,0,1,1,2,182,0
Saudi Arabia,2021,12,2021-03-22,141,153,0,0,0,0,0,0,0,0,0,141,0
Saudi Arabia,2021,13,2021-03-29,207,224,0,0,0,0,0,0,0,0,0,207,0
Saudi Arabia,2021,14,2021-04-05,159,181,0,0,0,0,0,0,1,1,1,158,0
Saudi Arabia,2021,15,2021-04-12,95,107,0,0,0,0,0,0,0,0,0,95,0
Saudi Arabia,2021,16,2021-04-19,94,101,0,0,0,0,0,0,0,0,0,94,0
Saudi Arabia,2021,17,2021-04-26,75,88,0,0,0,0,0,0,0,0,0,75,0
Saudi Arabia,2021,18,2021-05-03,65,79,0,0,0,0,0,0,0,0,0,65,0
Saudi Arabia,2021,19,2021-05-10,54,61,0,0,0,0,0,0,0,0,0,54,0
Saudi Arabia,2021,20,2021-05-17,61,71,0,0,0,0,0,0,0,0,0,61,0
Saudi Arabia,2021,21,2021-05-24,90,103,0,0,0,0,0,0,0,0,0,90,0
Saudi Arabia,2021,22,2021-05-31,77,83,0,0,0,0,0,0,1,1,1,76,0
Saudi Arabia,2021,23,2021-06-07,95,123,0,0,0,0,0,0,4,4,4,91,0
Saudi Arabia,2021,24,2021-06-14,100,114,0,0,0,0,0,0,5,5,5,94,0
Saudi Arabia,2021,25,2021-06-21,84,110,0,0,0,0,0,0,14,14,14,66,0
Saudi Arabia,2021,26,2021-06-28,98,139,0,0,0,0,0,0,18,18,18,74,0
Saudi Arabia,2021,27,2021-07-05,79,89,0,0,0,0,0,0,6,6,6,73,0
Saudi Arabia,2021,28,2021-07-12,60,67,0,0,0,0,0,0,3,3,3,57,0
Saudi Arabia,2021,29,2021-07-19,70,76,0,0,0,0,0,0,1,1,1,69,0
Saudi Arabia,2021,30,2021-07-26,77,87,0,0,0,1,1,0,2,2,3,74,0
Saudi Arabia,2021,31,2021-08-02,71,95,0,0,0,0,0,0,0,0,0,71,0
Saudi Arabia,2021,32,2021-08-09,94,119,0,0,0,0,0,0,1,1,1,93,0
Saudi Arabia,2021,33,2021-08-16,92,115,0,0,0,0,0,0,0,0,0,92,0
Saudi Arabia,2021,34,2021-08-23,73,99,0,0,0,0,0,0,0,0,0,73,0
Saudi Arabia,2021,35,2021-08-30,92,98,0,0,0,0,0,0,0,0,0,92,0
Saudi Arabia,2021,36,2021-09-06,78,97,0,0,0,1,1,0,1,1,2,76,0
Saudi Arabia,2021,37,2021-09-13,93,114,0,0,0,1,1,0,2,2,3,90,0
Saudi Arabia,2021,38,2021-09-20,81,95,0,0,0,1,1,0,1,1,2,79,0
Saudi Arabia,2021,39,2021-09-27,72,78,0,0,0,3,3,0,0,0,3,69,0
Saudi Arabia,2021,40,2021-10-04,114,126,0,0,0,5,5,0,0,0,5,109,0
Saudi Arabia,2021,41,2021-10-11,105,123,0,0,0,4,4,0,0,0,4,101,0
Saudi Arabia,2021,42,2021-10-18,121,139,0,0,0,3,3,0,0,0,3,118,0
Saudi Arabia,2021,43,2021-10-25,107,126,0,1,1,2,4,0,0,0,4,103,0
Saudi Arabia,2021,44,2021-11-01,114,127,0,0,1,9,10,0,0,0,10,104,0
Saudi Arabia,2021,45,2021-11-08,162,182,0,0,3,8,11,0,1,1,12,148,0
Saudi Arabia,2021,46,2021-11-15,134,154,0,0,2,16,18,0,1,1,19,115,0
Saudi Arabia,2021,47,2021-11-22,186,201,0,0,3,13,16,0,2,2,18,168,0
Saudi Arabia,2021,48,2021-11-29,157,177,0,0,2,10,12,0,2,2,14,142,0
Saudi Arabia,2021,49,2021-12-06,156,182,0,3,1,7,11,0,1,1,12,144,0
Saudi Arabia,2021,50,2021-12-13,209,224,0,0,3,8,11,0,5,5,16,193,0
Saudi Arabia,2021,51,2021-12-20,156,170,0,0,0,10,10,0,1,1,11,145,0
Saudi Arabia,2021,52,2021-12-27,167,180,0,1,0,4,5,0,1,1,6,160,0
Saudi Arabia,2022,1,2022-01-03,121,126,0,0,0,3,3,0,2,2,5,116,0
Saudi Arabia,2022,2,2022-01-10,105,111,0,0,0,6,6,0,1,1,7,98,0
Saudi Arabia,2022,3,2022-01-17,109,126,0,0,0,4,4,0,0,0,4,105,0
Saudi Arabia,2022,4,2022-01-24,81,91,0,0,0,0,0,0,2,2,2,79,0
Saudi Arabia,2022,5,2022-01-31,99,116,0,0,0,1,1,0,1,1,2,97,0
Saudi Arabia,2022,6,2022-02-07,82,92,0,0,0,0,0,0,0,0,0,82,0
Saudi Arabia,2022,7,2022-02-14,73,83,0,0,0,1,1,0,0,0,1,72,0
Saudi Arabia,2022,8,2022-02-21,72,77,0,0,0,1,1,0,2,2,3,69,0
Saudi Arabia,2022,9,2022-02-28,49,67,0,0,0,0,0,0,1,1,1,48,0
Saudi Arabia,2022,10,2022-03-07,65,76,0,0,0,0,0,0,3,3,3,62,0
Saudi Arabia,2022,11,2022-03-14,48,56,0,0,0,0,0,0,0,0,0,48,0
Saudi Arabia,2022,12,2022-03-21,60,65,0,0,0,0,0,0,2,2,2,58,0
Saudi Arabia,2022,13,2022-03-28,37,42,0,0,0,1,1,0,0,0,1,36,0
Saudi Arabia,2022,14,2022-04-04,52,57,0,1,0,0,1,0,1,1,2,50,0
Saudi Arabia,2022,15,2022-04-11,80,91,1,3,0,2,6,0,3,3,9,72,0
Saudi Arabia,2022,16,2022-04-18,76,86,0,1,0,0,1,0,0,0,1,75,0
Saudi Arabia,2022,17,2022-04-25,50,71,0,0,0,0,0,0,2,2,2,48,0
Saudi Arabia,2022,18,2022-05-02,42,49,0,0,0,1,1,0,0,0,1,41,0
Saudi Arabia,2022,19,2022-05-09,86,101,0,2,0,2,4,0,2,2,6,80,0
Saudi Arabia,2022,20,2022-05-16,68,80,0,0,3,4,7,0,2,2,9,59,0
Saudi Arabia,2022,21,2022-05-23,88,101,1,1,7,8,17,0,3,3,20,69,0
Saudi Arabia,2022,22,2022-05-30,119,127,0,0,11,8,19,1,1,2,21,98,0
Saudi Arabia,2022,23,2022-06-06,225,239,0,15,25,9,49,0,1,1,50,175,0
Saudi Arabia,2022,24,2022-06-13,267,277,0,1,13,8,22,3,7,10,32,235,0
Saudi Arabia,2022,25,2022-06-20,284,308,0,0,10,7,17,1,5,6,23,261,0
Saudi Arabia,2022,26,2022-06-27,313,339,0,0,2,7,9,0,10,10,19,294,0
Saudi Arabia,2022,27,2022-07-04,169,176,0,0,0,2,2,0,5,5,7,162,0
Saudi Arabia,2022,28,2022-07-11,187,214,0,0,0,5,5,2,6,8,13,174,0
Saudi Arabia,2022,29,2022-07-18,241,265,0,0,0,3,3,1,4,5,8,233,1
Saudi Arabia,2022,30,2022-07-25,111,131,0,1,0,0,1,0,3,3,4,107,1
Saudi Arabia,2022,31,2022-08-01,69,88,0,0,0,0,0,1,2,3,3,66,0
Saudi Arabia,2022,32,2022-08-08,88,97,0,0,1,0,1,1,4,5,6,82,0
Saudi Arabia,2022,33,2022-08-15,159,176,0,0,0,3,3,4,18,22,25,134,0
Saudi Arabia,2022,34,2022-08-22,133,146,0,0,0,0,0,5,14,19,19,114,0
Saudi Arabia,2022,35,2022-08-29,162,169,0,0,0,0,0,4,12,16,16,146,1
Saudi Arabia,2022,36,2022-09-05,168,186,0,0,0,0,0,5,9,14,14,154,1
Saudi Arabia,2022,37,2022-09-12,299,309,0,4,0,6,10,5,33,38,48,251,2
Saudi Arabia,2022,38,2022-09-19,231,250,0,2,1,3,6,3,19,22,28,203,2
Saudi Arabia,2022,39,2022-09-26,291,335,0,0,0,6,6,16,21,37,43,248,3
Saudi Arabia,2022,40,2022-10-03,351,373,0,2,1,8,11,12,25,37,48,303,3
Saudi Arabia,2022,41,2022-10-10,473,511,0,9,1,9,19,18,59,77,96,377,9
Saudi Arabia,2022,42,2022-10-17,505,561,0,11,0,10,21,30,51,81,102,403,6
Saudi Arabia,2022,43,2022-10-24,613,656,0,18,2,17,37,43,66,109,146,467,12
Saudi Arabia,2022,44,2022-10-31,571,626,0,23,2,27,52,33,62,95,147,424,7
Saudi Arabia,2022,45,2022-11-07,591,656,0,27,3,26,56,21,64,85,141,450,13
Saudi Arabia,2022,46,2022-11-14,571,618,0,16,0,30,46,20,49,69,115,456,19
Saudi Arabia,2022,47,2022-11-21,445,514,0,11,1,14,26,9,33,42,68,377,14
Saudi Arabia,2022,48,2022-11-28,445,517,0,10,0,9,19,12,27,39,58,387,21
Saudi Arabia,2022,49,2022-12-05,520,612,0,13,1,17,31,7,33,40,71,449,22
Saudi Arabia,2022,50,2022-12-12,371,502,0,6,0,9,15,3,23,26,41,330,23
Saudi Arabia,2022,51,2022-12-19,408,504,0,10,0,17,27,3,18,21,48,360,21
Saudi Arabia,2022,52,2022-12-26,379,461,0,2,1,16,19,3,21,24,43,336,7
Saudi Arabia,2023,1,2023-01-02,537,603,0,11,0,27,38,0,29,29,67,470,2
Saudi Arabia,2023,2,2023-01-09,435,579,0,0,0,26,26,0,18,18,44,391,6
Saudi Arabia,2023,3,2023-01-16,525,560,0,12,0,34,46,2,34,36,82,444,9
Saudi Arabia,2023,4,2023-01-23,670,683,0,7,2,30,39,1,29,30,69,601,6
Saudi Arabia,2023,5,2023-01-30,440,454,0,11,2,18,31,0,18,18,49,391,2
Saudi Arabia,2023,6,2023-02-06,794,815,0,17,1,40,58,2,38,40,98,696,5
Saudi Arabia,2023,7,2023-02-13,797,831,0,14,1,43,58,2,31,33,91,707,7
Saudi Arabia,2023,8,2023-02-20,609,628,0,12,0,41,53,1,27,28,81,528,4
Saudi Arabia,2023,9,2023-02-27,696,720,0,15,4,30,49,2,19,21,70,626,4
Saudi Arabia,2023,10,2023-03-06,622,677,0,24,3,21,48,2,17,19,67,556,7
Saudi Arabia,2023,11,2023-03-13,669,713,0,12,2,27,41,2,25,27,68,601,1
Saudi Arabia,2023,12,2023-03-20,593,663,0,13,1,9,23,2,14,16,39,554,5
Saudi Arabia,2023,13,2023-03-27,501,551,0,8,3,13,24,1,11,12,36,465,0
Saudi Arabia,2023,14,2023-04-03,584,655,0,5,3,11,19,1,14,15,34,550,1
Saudi Arabia,2023,15,2023-04-10,498,548,0,10,1,6,17,2,5,7,24,474,1
Saudi Arabia,2023,16,2023-04-17,206,218,0,4,2,12,18,0,9,9,27,179,1
Saudi Arabia,2023,17,2023-04-24,402,427,0,12,1,13,26,1,5,6,32,370,1
Saudi Arabia,2023,18,2023-05-01,724,777,0,16,3,21,40,1,5,6,46,679,1
Saudi Arabia,2023,19,2023-05-08,659,694,0,16,7,17,40,7,17,24,64,595,1
Saudi Arabia,2023,20,2023-05-15,614,661,0,18,3,18,39,1,26,27,66,548,2
Saudi Arabia,2023,21,2023-05-22,689,737,0,15,8,13,36,8,11,19,55,634,2
Saudi Arabia,2023,22,2023-05-29,598,635,0,14,5,12,31,0,11,11,42,556,1
Saudi Arabia,2023,23,2023-06-05,597,626,0,17,12,9,38,3,10,13,51,546,2
Saudi Arabia,2023,24,2023-06-12,577,598,0,21,3,12,36,4,20,24,60,518,1
Saudi Arabia,2023,25,2023-06-19,626,643,0,16,2,18,36,1,21,22,58,568,2
Saudi Arabia,2023,26,2023-06-26,456,459,0,3,4,39,46,0,2,2,48,408,0
Saudi Arabia,2023,27,2023-07-03,651,659,0,11,4,42,57,3,14,17,74,577,1
Saudi Arabia,2023,28,2023-07-10,674,693,0,10,6,27,43,1,11,12,55,619,1
Saudi Arabia,2023,29,2023-07-17,635,650,0,8,6,24,38,0,9,9,47,589,1
Saudi Arabia,2023,30,2023-07-24,593,609,0,5,7,16,28,0,8,8,36,557,2
Saudi Arabia,2023,31,2023-07-31,588,594,0,8,5,20,33,0,10,10,43,545,1
Saudi Arabia,2023,32,2023-08-07,635,648,0,0,0,17,17,0,13,13,30,605,2
Saudi Arabia,2023,33,2023-08-14,785,797,0,2,8,33,43,3,19,22,65,720,2
Saudi Arabia,2023,34,2023-08-21,815,856,0,8,18,22,48,3,8,11,59,756,3
Saudi Arabia,2023,35,2023-08-28,844,874,0,10,11,34,55,1,20,21,76,768,0
Saudi Arabia,2023,36,2023-09-04,994,1013,0,15,15,39,69,0,22,22,91,903,2
Saudi Arabia,2023,37,2023-09-11,965,976,0,20,22,37,79,4,17,21,100,865,1
Saudi Arabia,2023,38,2023-09-18,1071,1091,0,33,30,51,114,6,38,44,158,913,3
Saudi Arabia,2023,39,2023-09-25,1042,1061,0,48,51,42,141,4,26,30,171,871,4
Saudi Arabia,2023,40,2023-10-02,1198,1221,0,74,80,74,228,4,34,38,266,932,4
Saudi Arabia,2023,41,2023-10-09,1267,1295,0,88,93,133,314,6,36,42,356,911,3
Saudi Arabia,2023,42,2023-10-16,1197,1218,0,102,114,112,328,17,27,44,372,825,5
Saudi Arabia,2023,43,2023-10-23,1230,1244,0,117,129,115,361,14,36,50,411,819,6
Saudi Arabia,2023,44,2023-10-30,1373,1390,0,105,110,124,339,24,60,84,423,950,14
Saudi Arabia,2023,45,2023-11-06,1215,1246,0,52,46,92,190,16,24,40,230,985,35
Saudi Arabia,2023,46,2023-11-13,1147,1161,0,25,50,68,143,16,41,57,200,947,34
Saudi Arabia,2023,47,2023-11-20,1152,1166,0,31,46,59,136,19,32,51,187,965,50
Saudi Arabia,2023,48,2023-11-27,1161,1181,0,26,37,66,129,18,24,42,171,990,63
Saudi Arabia,2023,49,2023-12-04,1238,1254,0,36,18,45,99,15,23,38,137,1101,45
Saudi Arabia,2023,50,2023-12-11,1305,1322,0,27,28,29,84,19,22,41,125,1181,46
Saudi Arabia,2023,51,2023-12-18,1267,1285,0,11,25,42,78,23,32,55,133,1134,27
Saudi Arabia,2023,52,2023-12-25,1280,1307,0,23,31,41,95,21,17,38,133,1147,50
Saudi Arabia,2024,1,2024-01-01,1226,1251,0,17,21,49,87,24,20,44,131,1095,46
Saudi Arabia,2024,2,2024-01-08,986,1008,0,15,19,17,51,8,14,22,73,913,29
Saudi Arabia,2024,3,2024-01-15,972,1061,0,12,27,5,44,10,15,25,69,903,49
Saudi Arabia,2024,4,2024-01-22,907,931,0,19,10,11,40,6,12,18,58,849,34
Saudi Arabia,2024,5,2024-01-29,952,1024,0,18,16,14,48,11,13,24,72,885,24
Saudi Arabia,2024,6,2024-02-05,954,1009,0,18,22,22,62,12,17,29,91,865,10
Saudi Arabia,2024,7,2024-02-12,876,906,0,11,20,33,64,6,17,23,87,789,10
Saudi Arabia,2024,8,2024-02-19,802,862,0,5,4,26,35,10,11,21,56,746,6
Saudi Arabia,2024,9,2024-02-26,799,834,0,6,14,22,42,6,21,27,69,730,9
Saudi Arabia,2024,10,2024-03-04,768,803,0,5,6,8,19,8,13,21,40,728,13
Saudi Arabia,2024,11,2024-03-11,763,812,0,24,8,8,40,4,16,20,60,703,8
Saudi Arabia,2024,12,2024-03-18,856,878,0,18,5,6,29,9,11,20,49,807,8
Saudi Arabia,2024,13,2024-03-25,743,799,0,4,1,7,12,5,12,17,29,714,7
Saudi Arabia,2024,14,2024-04-01,788,823,0,18,6,1,25,8,13,21,46,742,4
Saudi Arabia,2024,15,2024-04-08,338,363,0,5,1,1,7,4,5,9,16,322,1
Saudi Arabia,2024,16,2024-04-15,895,998,0,17,7,16,40,2,11,13,53,842,0
Saudi Arabia,2024,17,2024-04-22,919,954,0,10,1,10,21,5,12,17,38,881,3
Saudi Arabia,2024,18,2024-04-29,878,929,0,1,0,8,9,4,14,18,27,851,3
Saudi Arabia,2024,19,2024-05-06,885,996,0,3,7,12,22,4,13,17,39,846,0
Saudi Arabia,2024,20,2024-05-13,916,968,0,3,5,7,15,4,15,19,34,882,1
Saudi Arabia,2024,21,2024-05-20,898,985,0,1,0,3,4,7,16,23,27,871,2
Saudi Arabia,2024,22,2024-05-27,762,964,0,1,0,1,2,5,6,11,13,749,1
Saudi Arabia,2024,23,2024-06-03,736,897,0,3,1,2,6,3,5,8,14,722,0
Saudi Arabia,2024,24,2024-06-10,583,706,0,1,1,3,5,2,7,9,14,569,0
Saudi Arabia,2024,25,2024-06-17,505,599,0,2,1,5,8,1,6,7,15,490,0
Saudi Arabia,2024,26,2024-06-24,794,907,0,1,3,7,11,7,5,12,23,771,0
Saudi Arabia,2024,27,2024-07-01,842,952,0,9,6,3,18,10,7,17,35,807,0
Saudi Arabia,2024,28,2024-07-08,816,893,0,5,12,7,24,4,6,10,34,782,1
Saudi Arabia,2024,29,2024-07-15,798,940,0,2,9,6,17,2,2,4,21,777,2
Saudi Arabia,2024,30,2024-07-22,804,889,0,4,6,6,16,2,0,2,18,786,1
Saudi Arabia,2024,31,2024-07-29,878,933,0,4,2,6,12,4,8,12,24,854,1
Saudi Arabia,2024,32,2024-08-05,918,956,0,2,3,3,8,1,11,12,20,898,0
Saudi Arabia,2024,33,2024-08-12,897,959,0,9,2,5,16,0,7,7,23,874,0
Saudi Arabia,2024,34,2024-08-19,979,1012,0,8,4,6,18,1,8,9,27,952,1
Saudi Arabia,2024,35,2024-08-26,997,1052,0,7,0,6,13,1,7,8,21,976,0
Saudi Arabia,2024,36,2024-09-02,1020,1089,0,10,2,6,18,2,11,13,31,989,4
Saudi Arabia,2024,37,2024-09-09,884,1083,0,11,1,7,19,0,9,9,28,856,5
Saudi Arabia,2024,38,2024-09-16,880,1007,0,15,0,10,25,1,8,9,34,846,4
Saudi Arabia,2024,39,2024-09-23,930,972,0,23,0,8,31,0,7,7,38,892,3
Saudi Arabia,2024,40,2024-09-30,1104,1208,0,32,1,10,43,0,7,7,50,1054,8
Saudi Arabia,2024,41,2024-10-07,1115,1188,0,47,4,9,60,4,5,9,69,1046,14
Saudi Arabia,2024,42,2024-10-14,1068,1226,0,74,4,11,89,3,8,11,100,968,4
Saudi Arabia,2024,43,2024-10-21,1171,1227,0,84,3,18,105,10,13,23,128,1043,12
Saudi Arabia,2024,44,2024-10-28,1069,1136,0,84,2,17,103,4,11,15,118,951,13
Saudi Arabia,2024,45,2024-11-04,1033,1248,0,73,2,19,94,1,17,18,112,921,28
Saudi Arabia,2024,46,2024-11-11,1082,1195,0,58,8,25,91,15,15,30,121,961,34
Saudi Arabia,2024,47,2024-11-18,1112,1157,0,67,6,23,96,9,13,22,118,994,46
Saudi Arabia,2024,48,2024-11-25,1075,1223,0,42,5,33,80,3,10,13,93,982,47
Saudi Arabia,2024,49,2024-12-02,1180,1314,0,45,1,35,81,0,20,20,101,1079,61
Saudi Arabia,2024,50,2024-12-09,1228,1356,0,71,5,37,113,8,19,27,140,1088,39
Saudi Arabia,2024,51,2024-12-16,1327,1399,0,66,17,57,140,15,22,37,177,1150,85
Saudi Arabia,2024,52,2024-12-23,1230,1308,0,56,29,56,141,22,31,53,194,1036,95
Saudi Arabia,2025,1,2024-12-30,1127,1183,0,59,27,31,117,17,26,43,160,967,36
Saudi Arabia,2025,2,2025-01-06,1253,1298,0,92,62,53,207,51,18,69,276,977,18
Saudi Arabia,2025,3,2025-01-13,1229,1271,0,85,18,94,197,41,40,81,278,951,21
Saudi Arabia,2025,4,2025-01-20,1215,1251,0,67,0,127,194,0,93,93,287,928,18
Saudi Arabia,2025,5,2025-01-27,1065,1210,0,66,2,139,207,25,100,125,332,733,13
Saudi Arabia,2025,6,2025-02-03,1088,1141,0,51,1,114,166,1,113,114,280,808,21
Saudi Arabia,2025,7,2025-02-10,1063,1183,0,17,1,110,128,0,88,88,216,847,44
Saudi Arabia,2025,8,2025-02-17,1044,1075,0,10,3,100,113,0,68,68,181,863,56
Saudi Arabia,2025,9,2025-02-24,884,955,0,10,3,22,35,0,40,40,75,809,24
Saudi Arabia,2025,10,2025-03-03,793,860,0,6,0,16,22,0,32,32,54,739,31
Saudi Arabia,2025,11,2025-03-10,840,893,0,6,1,20,27,0,43,43,70,770,34
Saudi Arabia,2025,12,2025-03-17,765,818,0,12,0,8,20,0,22,22,42,723,13
Saudi Arabia,2025,13,2025-03-24,576,592,0,9,0,7,16,0,5,5,21,555,21
Saudi Arabia,2025,14,2025-03-31,439,455,0,1,0,11,12,0,10,10,22,417,8
Saudi Arabia,2025,15,2025-04-07,752,840,0,2,1,11,14,0,12,12,26,726,3
Saudi Arabia,2025,16,2025-04-14,767,859,0,6,1,16,23,0,14,14,37,730,8
Saudi Arabia,2025,17,2025-04-21,768,849,0,12,0,11,23,0,23,23,46,722,7
Saudi Arabia,2025,18,2025-04-28,722,777,0,5,0,11,16,0,26,26,42,680,1
Saudi Arabia,2025,19,2025-05-05,818,871,0,16,2,11,29,0,35,35,64,754,2
Saudi Arabia,2025,20,2025-05-12,736,782,0,3,0,6,9,0,7,7,16,720,3
Saudi Arabia,2025,21,2025-05-19,513,701,0,3,1,9,13,0,26,26,39,474,4
Saudi Arabia,2025,22,2025-05-26,576,698,0,4,0,3,7,0,13,13,20,556,5
Saudi Arabia,2025,23,2025-06-02,357,397,0,4,0,1,5,0,6,6,11,346,3
Saudi Arabia,2025,24,2025-06-09,349,401,0,3,0,5,8,0,13,13,21,328,1
Saudi Arabia,2025,25,2025-06-16,563,708,0,2,0,5,7,0,6,6,13,550,1
Saudi Arabia,2025,26,2025-06-23,556,673,0,0,0,10,10,0,8,8,18,538,4
Saudi Arabia,2025,27,2025-06-30,593,664,0,0,1,4,5,5,5,10,15,578,1
Saudi Arabia,2025,28,2025-07-07,695,763,0,3,1,7,11,3,6,9,20,675,2
Saudi Arabia,2025,29,2025-07-14,758,818,0,4,0,16,20,3,7,10,30,728,2
Saudi Arabia,2025,30,2025-07-21,709,771,0,3,3,3,9,0,4,4,13,696,1
Saudi Arabia,2025,31,2025-07-28,686,706,0,3,3,7,13,4,0,4,17,669,1
Saudi Arabia,2025,32,2025-08-04,622,647,0,4,4,3,11,2,3,5,16,606,2
Saudi Arabia,2025,33,2025-08-11,657,677,0,3,7,1,11,2,2,4,15,642,0
Saudi Arabia,2025,34,2025-08-18,694,713,0,12,5,4,21,0,0,0,21,673,2
Saudi Arabia,2025,35,2025-08-25,684,699,0,6,10,0,16,1,0,1,17,667,0
Saudi Arabia,2025,36,2025-09-01,761,773,0,4,11,0,15,5,0,5,20,741,0
Saudi Arabia,2025,37,2025-09-08,791,813,0,2,13,7,22,3,3,6,28,763,1
Saudi Arabia,2025,38,2025-09-15,724,737,0,6,16,14,36,4,1,5,41,683,2
Saudi Arabia,2025,39,2025-09-22,753,776,0,5,24,24,53,1,4,5,58,695,2
Saudi Arabia,2025,40,2025-09-29,819,843,0,9,25,58,92,4,8,12,104,715,4
Saudi Arabia,2025,41,2025-10-06,882,891,0,23,153,7,183,10,5,15,198,684,1
Saudi Arabia,2025,42,2025-10-13,981,1006,0,38,217,15,270,8,2,10,280,701,5
Saudi Arabia,2025,43,2025-10-20,1053,1092,0,38,238,46,322,12,4,16,338,715,3
Saudi Arabia,2025,44,2025-10-27,1213,1230,0,41,335,48,424,18,4,22,446,767,2
Saudi Arabia,2025,45,2025-11-03,1102,1126,0,23,290,59,372,23,9,32,404,698,7
Saudi Arabia,2025,46,2025-11-10,1195,1208,0,46,299,56,401,25,4,29,430,765,17
Saudi Arabia,2025,47,2025-11-17,1085,1101,0,24,164,42,230,24,1,25,255,830,28
Saudi Arabia,2025,48,2025-11-24,899,930,0,14,100,14,128,18,0,18,146,753,27
Saudi Arabia,2025,49,2025-12-01,926,957,0,11,71,27,109,20,2,22,131,795,46
Saudi Arabia,2025,50,2025-12-08,959,975,0,20,35,11,66,29,3,32,98,861,51
Saudi Arabia,2025,51,2025-12-15,798,814,0,12,23,5,40,17,1,18,58,740,65
Saudi Arabia,2025,52,2025-12-22,817,849,0,3,18,3,24,18,1,19,43,774,74
Saudi Arabia,2026,1,2025-12-29,770,792,0,5,4,2,11,14,1,15,26,744,91
Saudi Arabia,2026,2,2026-01-05,748,774,0,15,11,2,28,10,2,12,40,708,114
Saudi Arabia,2026,3,2026-01-12,754,780,0,9,4,1,14,13,1,14,28,726,92
Saudi Arabia,2026,4,2026-01-19,716,754,0,9,3,8,20,5,2,7,27,689,74
Saudi Arabia,2026,5,2026-01-26,889,908,0,8,3,4,15,11,0,11,26,863,78
Saudi Arabia,2026,6,2026-02-02,773,788,0,10,4,6,20,19,1,20,40,733,86
Saudi Arabia,2026,7,2026-02-09,779,790,0,9,2,0,11,22,1,23,34,745,70
Saudi Arabia,2026,8,2026-02-16,660,677,0,8,2,1,11,12,3,15,26,634,65
Saudi Arabia,2026,9,2026-02-23,683,718,0,13,0,1,14,12,4,16,30,653,35
Saudi Arabia,2026,10,2026-03-02,657,675,0,4,4,0,8,10,0,10,18,639,41
Saudi Arabia,2026,11,2026-03-09,479,486,0,9,0,0,9,8,0,8,17,462,39
Saudi Arabia,2026,12,2026-03-16,525,537,0,3,0,3,6,2,3,5,11,514,23
Saudi Arabia,2026,13,2026-03-23,725,762,0,5,0,1,6,6,3,9,15,710,21
Saudi Arabia,2026,14,2026-03-30,691,722,0,3,0,6,9,11,3,14,23,668,21
Saudi Arabia,2026,15,2026-04-06,640,676,0,2,1,2,5,10,0,10,15,625,17
Saudi Arabia,2026,16,2026-04-13,739,747,0,2,0,0,2,8,1,9,11,728,7
Saudi Arabia,2026,17,2026-04-20,665,718,0,1,0,0,1,10,2,12,13,652,6
Saudi Arabia,2026,18,2026-04-27,629,688,0,2,1,0,3,12,0,12,15,614,8
Saudi Arabia,2026,19,2026-05-04,682,732,0,3,0,0,3,9,0,9,12,670,12
Saudi Arabia,2026,20,2026-05-11,752,807,0,1,2,2,5,11,1,12,17,735,3
Saudi Arabia,2026,21,2026-05-18,323,344,0,4,0,0,4,10,0,10,14,309,3
Saudi Arabia,2026,22,2026-05-25,572,613,0,3,1,2,6,4,1,5,11,561,1
Saudi Arabia,2026,23,2026-06-01,658,700,0,6,0,0,6,6,0,6,12,646,2
Saudi Arabia,2026,24,2026-06-08,591,645,0,4,1,0,5,4,2,6,11,580,3
Saudi Arabia,2026,25,2026-06-15,609,657,0,8,3,0,11,5,0,5,16,593,1
Saudi Arabia,2026,26,2026-06-22,631,678,0,3,0,1,4,5,1,6,10,621,1
Saudi Arabia,2026,27,2026-06-29,684,756,0,3,1,0,4,7,1,8,12,672,3
Saudi Arabia,2026,28,2026-07-06,826,846,0,16,0,0,16,10,1,11,27,799,2
Saudi Arabia,2026,29,2026-07-13,746,769,0,13,0,1,14,8,3,11,25,721,2
